Episode,Seat,Score,Turn,Epsilon,penalty_A,Yaku,MZ_Score,TZ_Score,Tenpai,HandComplete
1,West,-68,97,0.020,0,,0,0,0,萬子1 萬子6 筒子3 筒子4 筒子4 西風 西風 | 萬子2 萬子2 萬子2 索子9 索子9 索子9
2,West,-66,96,0.020,0,,0,0,0,萬子1 筒子2 筒子4 西風 西風 西風 發ちゃん 發ちゃん 發ちゃん 白ちゃん | 筒子6 筒子7 筒子8
3,East,-68,96,0.020,0,,0,0,0,萬子5 筒子2 筒子2 筒子4 筒子4 西風 白ちゃん | 筒子1 筒子2 筒子3 索子1 索子2 索子3
4,East,15438,91,0.020,0,東 混一色 三暗刻,0,0,15,筒子2 筒子2 筒子2 筒子3 筒子3 筒子3 筒子3 筒子4 筒子5 東風 東風 西風 西風 東風 | 
5,North,-66,96,0.020,0,,0,0,0,萬子1 萬子4 萬子6 萬子6 筒子3 筒子4 西風 東風 中ちゃん 白ちゃん | 索子7 索子7 索子7
6,North,-68,96,0.020,0,,0,0,0,筒子2 筒子2 筒子4 西風 | 筒子5 筒子6 筒子7 索子1 索子1 索子1 白ちゃん 白ちゃん 白ちゃん
7,South,-68,96,0.020,0,,0,0,0,萬子6 筒子2 西風 中ちゃん | 萬子8 萬子8 萬子8 筒子1 筒子2 筒子3 白ちゃん 白ちゃん 白ちゃん
8,East,-68,96,0.020,0,,0,0,0,萬子6 萬子6 筒子3 西風 | 萬子1 萬子2 萬子3 筒子7 筒子8 筒子9 東風 東風 東風
9,South,-66,96,0.020,0,,0,0,0,萬子6 萬子6 萬子6 筒子2 筒子2 筒子3 筒子4 索子7 索子7 西風 | 中ちゃん 中ちゃん 中ちゃん
10,East,-66,96,0.020,0,,0,0,0,萬子1 筒子2 筒子2 筒子2 筒子3 筒子4 筒子4 筒子4 筒子9 索子7 | 萬子3 萬子3 萬子3
11,East,-66,97,0.020,0,,0,0,0,萬子3 萬子3 萬子6 筒子2 筒子3 筒子4 筒子4 筒子4 西風 東風 西風 東風 白ちゃん | 
12,South,-66,97,0.020,0,,0,0,0,萬子3 萬子6 萬子6 萬子6 筒子3 筒子3 筒子4 筒子4 筒子9 筒子9 筒子9 東風 東風 | 
13,North,-66,97,0.020,0,,0,0,0,萬子3 萬子6 萬子9 萬子9 筒子2 筒子2 筒子2 筒子4 筒子9 東風 東風 白ちゃん 白ちゃん | 
14,East,-66,97,0.020,0,,0,0,0,萬子2 萬子2 萬子3 萬子3 萬子9 萬子9 筒子9 筒子9 筒子9 東風 北風 東風 白ちゃん | 
15,West,-66,97,0.020,0,,0,0,0,萬子2 萬子3 萬子3 萬子3 萬子9 萬子9 筒子2 筒子2 筒子3 筒子4 筒子9 東風 東風 | 
16,North,834,97,0.020,0,,0,0,1,萬子2 萬子2 萬子6 萬子6 筒子1 筒子1 筒子1 筒子4 筒子4 筒子5 筒子5 東風 東風 | 
17,South,-66,97,0.020,0,,0,0,0,萬子2 萬子6 萬子6 萬子9 筒子2 筒子9 北風 東風 東風 東風 西風 東風 中ちゃん | 
18,West,834,97,0.020,0,,0,0,1,萬子2 萬子2 萬子6 萬子6 萬子9 筒子2 筒子2 筒子5 筒子5 筒子8 筒子8 南風 南風 | 
19,North,-66,97,0.020,0,,0,0,0,萬子2 萬子5赤ドラ 萬子5 萬子6 萬子9 萬子9 筒子2 筒子5 筒子5赤ドラ 筒子8 筒子9 筒子9 索子1 | 
20,South,-66,97,0.020,0,,0,0,0,萬子1 萬子1 萬子2 萬子6 萬子9 筒子2 筒子2 筒子5 筒子8 筒子8 筒子9 南風 南風 | 
21,East,-66,97,0.020,0,,0,0,0,萬子1 萬子1 萬子2 萬子6 萬子9 萬子9 筒子2 筒子7 筒子7 筒子7 筒子8 筒子9 南風 | 
22,North,-66,97,0.020,0,,0,0,0,萬子2 萬子6 萬子6 萬子9 萬子9 筒子2 筒子5赤ドラ 筒子5 筒子5 筒子7 筒子9 筒子9 南風 | 
23,East,-66,97,0.020,0,,0,0,0,萬子2 萬子6 萬子6 萬子9 萬子9 萬子9 筒子1 筒子2 筒子2 筒子7 筒子7 筒子9 南風 | 
24,East,-66,97,0.020,0,,0,0,0,萬子2 萬子2 萬子2 萬子6 萬子9 萬子9 筒子5 筒子5赤ドラ 筒子7 筒子7 南風 南風 中ちゃん | 
25,East,-66,97,0.020,0,,0,0,0,萬子2 萬子2 萬子6 萬子9 筒子1 筒子1 筒子2 筒子5赤ドラ 筒子5 筒子7 索子8 南風 中ちゃん | 
26,East,-66,97,0.020,0,,0,0,0,萬子2 筒子1 筒子4 筒子4 筒子7 筒子7 筒子8 筒子8 南風 中ちゃん 中ちゃん 中ちゃん 中ちゃん | 
27,South,-66,97,0.020,0,,0,0,0,萬子6 萬子6 萬子9 筒子2 筒子2 筒子4 筒子5 筒子7 筒子7 索子5 索子5赤ドラ 南風 南風 | 
28,South,-66,97,0.020,0,,0,0,0,萬子2 萬子6 萬子9 萬子9 筒子1 筒子1 筒子2 筒子2 筒子2 筒子4 筒子5 筒子5 索子5 | 
29,South,-66,97,0.020,0,,0,0,0,萬子6 萬子9 萬子9 筒子1 筒子2 筒子2 筒子5 索子5 索子5 南風 南風 中ちゃん 中ちゃん | 
30,West,-66,96,0.020,0,,0,0,0,萬子9 筒子4 筒子4 筒子7 筒子7 南風 南風 白ちゃん 白ちゃん 白ちゃん | 萬子2 萬子2 萬子2
31,South,-66,96,0.020,0,,0,0,0,萬子2 萬子9 筒子5 筒子7 索子5 索子5 索子5 南風 白ちゃん 白ちゃん | 萬子6 萬子6 萬子6
32,West,-68,96,0.020,0,,0,0,0,萬子6 萬子6 筒子4 筒子4 筒子5赤ドラ 白ちゃん 中ちゃん | 萬子2 萬子2 萬子2 索子3 索子3 索子3
33,East,-68,97,0.020,0,,0,0,0,萬子2 萬子6 筒子2 筒子5赤ドラ 南風 中ちゃん 中ちゃん | 筒子4 筒子4 筒子4 南風 南風 南風
34,West,-66,97,0.020,0,,0,0,0,萬子2 萬子6 筒子2 筒子4 筒子4 筒子5 索子4 索子4 南風 南風 中ちゃん 中ちゃん 中ちゃん | 
35,West,-66,96,0.020,0,,0,0,0,萬子6 筒子2 筒子4 筒子4 筒子4 筒子5赤ドラ 索子4 南風 南風 中ちゃん | 萬子5 萬子6 萬子7
36,East,-66,97,0.020,0,,0,0,0,萬子9 萬子9 筒子2 筒子4 筒子5赤ドラ 筒子7 索子4 索子4 索子4 南風 中ちゃん 白ちゃん 白ちゃん | 
37,North,5862,56,0.020,0,赤ドラ2 七対子,0,0,1,筒子2 筒子2 筒子5赤ドラ 筒子5 索子1 索子1 索子4 索子4 索子5 索子5赤ドラ 南風 南風 白ちゃん 白ちゃん | 
38,West,-66,97,0.020,0,,0,0,0,萬子2 萬子2 萬子6 萬子6 筒子1 筒子2 筒子4 筒子5 索子4 南風 中ちゃん 中ちゃん 中ちゃん | 
39,South,-66,97,0.020,0,,0,0,0,萬子2 萬子2 萬子6 筒子1 筒子1 筒子2 筒子4 筒子4 筒子5 索子4 南風 中ちゃん 中ちゃん | 
40,West,-66,97,0.020,0,,0,0,0,萬子6 筒子2 筒子4 筒子5 索子4 索子4 索子4 南風 南風 南風 白ちゃん 中ちゃん 白ちゃん | 
41,West,10548,78,0.020,0,赤ドラ1 七対子 五門斉,0,0,4,萬子1 萬子1 萬子2 萬子2 筒子2 筒子2 筒子4 筒子4 索子5 索子5赤ドラ 南風 南風 中ちゃん 中ちゃん | 
42,North,2934,97,0.020,0,,0,0,6,筒子4 筒子5 索子4 索子4 索子4 南風 南風 南風 白ちゃん 中ちゃん 中ちゃん 白ちゃん 中ちゃん | 
43,North,-66,97,0.020,0,,0,0,0,萬子6 筒子2 筒子4 筒子5 筒子5 筒子7 索子4 索子4 南風 南風 白ちゃん 中ちゃん 白ちゃん | 
44,East,-66,97,0.020,0,,0,0,0,萬子1 萬子1 筒子2 筒子4 筒子4 筒子5 索子4 索子4 南風 白ちゃん 白ちゃん 中ちゃん 中ちゃん | 
45,East,-66,97,0.020,0,,0,0,0,萬子1 萬子1 萬子1 筒子2 筒子4 筒子5 筒子7 筒子7 索子4 東風 南風 白ちゃん 白ちゃん | 
46,West,-68,97,0.020,0,,0,0,0,萬子6 筒子4 筒子5 索子4 索子4 南風 南風 | 東風 東風 東風 中ちゃん 中ちゃん 中ちゃん
47,South,-66,96,0.020,0,,0,0,0,萬子6 萬子6 筒子2 筒子5赤ドラ 筒子5 索子4 白ちゃん | 筒子2 筒子2 筒子2 筒子4 筒子4 筒子4
48,South,-66,97,0.020,0,,0,0,0,萬子6 萬子6 筒子2 筒子4 筒子5 索子4 索子4 南風 南風 南風 白ちゃん 白ちゃん 中ちゃん | 
49,South,-66,97,0.020,0,,0,0,0,筒子2 筒子2 筒子2 筒子4 筒子4 筒子5赤ドラ 筒子5 索子4 索子4 南風 白ちゃん 中ちゃん 白ちゃん | 
50,South,-68,96,0.020,0,,0,0,0,萬子6 筒子5 索子4 南風 | 筒子2 筒子3 筒子4 筒子7 筒子8 筒子9 索子5 索子6 索子7
51,West,-66,96,0.020,0,,0,0,0,筒子4 筒子4 索子4 索子7 索子7 南風 南風 南風 白ちゃん 白ちゃん | 索子3 索子4 索子5赤ドラ
52,East,-66,97,0.020,0,,0,0,0,萬子5 萬子6 萬子6 筒子2 筒子4 筒子4 索子4 索子4 索子7 南風 南風 東風 中ちゃん | 
53,West,-66,97,0.020,0,,0,0,0,萬子6 筒子2 筒子4 筒子4 筒子5 筒子5赤ドラ 筒子5 索子4 南風 東風 東風 南風 白ちゃん | 
54,West,-66,97,0.020,0,,0,0,0,萬子5 萬子6 筒子4 索子5 索子5赤ドラ 索子7 東風 東風 東風 中ちゃん 中ちゃん 白ちゃん 白ちゃん | 
55,North,-68,97,0.020,0,,0,0,0,萬子6 筒子2 索子5 南風 東風 中ちゃん 中ちゃん | 筒子2 筒子3 筒子4 索子3 索子4 索子5
56,South,-66,97,0.020,0,,0,0,0,萬子6 萬子6 筒子2 筒子4 筒子5 索子4 索子4 索子4 南風 中ちゃん 白ちゃん 白ちゃん 中ちゃん | 
57,West,-66,97,0.020,0,,0,0,0,萬子5 萬子6 萬子6 筒子2 筒子4 筒子4 筒子5 索子4 索子5 南風 南風 東風 南風 | 
58,South,-66,97,0.020,0,,0,0,0,萬子6 萬子6 萬子6 筒子2 筒子2 筒子5 筒子5 索子4 索子4 索子4 南風 南風 東風 | 
59,East,-66,97,0.020,0,,0,0,0,萬子5 萬子5 萬子5赤ドラ 萬子6 萬子6 筒子2 筒子5 筒子5赤ドラ 索子4 索子5 索子5 索子5赤ドラ 索子5 | 
60,South,-66,97,0.020,0,,0,0,0,萬子5 萬子5 萬子5赤ドラ 萬子6 筒子4 筒子5 索子3 索子4 索子5 索子7 索子7 南風 中ちゃん | 
61,East,-66,97,0.020,0,,0,0,0,萬子1 萬子1 萬子5赤ドラ 萬子5 萬子6 萬子6 筒子2 筒子2 筒子5 索子3 索子4 南風 白ちゃん | 
62,West,-66,97,0.020,0,,0,0,0,萬子5赤ドラ 萬子5 萬子6 萬子6 筒子2 筒子4 筒子4 筒子4 筒子5 筒子5 索子4 中ちゃん 中ちゃん | 
63,South,-66,97,0.020,0,,0,0,0,萬子5赤ドラ 萬子6 筒子2 筒子2 筒子5 筒子5 筒子5 索子4 索子5 南風 南風 東風 東風 | 
64,South,-66,97,0.020,0,,0,0,0,萬子5赤ドラ 萬子5 萬子6 筒子2 筒子5 索子4 索子4 索子5 索子5 東風 南風 南風 中ちゃん | 
65,East,-66,97,0.020,0,,0,0,0,萬子5 萬子5赤ドラ 萬子6 萬子6 筒子2 筒子2 筒子5 筒子5赤ドラ 索子4 索子5 南風 東風 東風 | 
66,East,-66,97,0.020,0,,0,0,0,萬子5赤ドラ 萬子5 筒子2 筒子2 索子4 索子4 索子4 索子5 南風 南風 東風 中ちゃん 中ちゃん | 
67,East,-66,97,0.020,0,,0,0,0,萬子6 筒子2 筒子2 筒子5 索子4 索子4 索子4 索子5赤ドラ 南風 東風 東風 南風 中ちゃん | 
68,South,-66,97,0.020,0,,0,0,0,萬子6 筒子2 筒子2 筒子4 筒子5 筒子5赤ドラ 索子4 索子4 索子4 索子5 中ちゃん 中ちゃん 中ちゃん | 
69,South,-70,97,0.020,0,,0,0,0,筒子2 | 萬子6 萬子7 萬子8 筒子5 筒子5 筒子5 索子4 索子4 索子4 索子5 索子5 索子5
70,South,-68,96,0.020,0,,0,0,0,萬子5 筒子2 南風 南風 | 萬子7 萬子8 萬子9 筒子2 筒子3 筒子4 筒子7 筒子8 筒子9
71,East,-68,96,0.020,0,,0,0,0,筒子2 筒子2 筒子2 筒子2 | 索子5 索子5赤ドラ 索子5 南風 南風 南風 中ちゃん 中ちゃん 中ちゃん
72,North,-68,97,0.020,0,,0,0,0,萬子5 萬子6 筒子5 索子4 索子5 索子5 南風 | 筒子2 筒子3 筒子4 白ちゃん 白ちゃん 白ちゃん
73,West,-68,97,0.020,0,,0,0,0,萬子5 萬子5赤ドラ 筒子2 索子4 索子5 東風 中ちゃん | 筒子4 筒子4 筒子4 筒子5 筒子6 筒子7
74,South,-70,97,0.020,0,,0,0,0,萬子5 筒子2 索子4 南風 | 萬子3 萬子3 萬子3 筒子2 筒子2 筒子2 南風 南風 南風
75,North,832,96,0.020,0,,0,0,1,萬子5赤ドラ | 筒子2 筒子2 筒子2 筒子5赤ドラ 筒子5 筒子5 南風 南風 南風 中ちゃん 中ちゃん 中ちゃん
76,East,-68,96,0.020,0,,0,0,0,萬子5 萬子6 筒子5 索子5赤ドラ 東風 東風 東風 | 筒子2 筒子3 筒子4 筒子7 筒子8 筒子9
77,North,-68,96,0.020,0,,0,0,0,萬子5 萬子6 南風 中ちゃん | 索子3 索子3 索子3 索子5 索子6 索子7 西風 西風 西風
78,North,-68,97,0.020,0,,0,0,0,萬子5 萬子6 筒子2 東風 南風 中ちゃん 中ちゃん | 萬子6 萬子7 萬子8 索子6 索子7 索子8
79,South,-68,96,0.020,0,,0,0,0,萬子5 索子5赤ドラ 南風 中ちゃん | 萬子1 萬子2 萬子3 筒子4 筒子4 筒子4 筒子5 筒子6 筒子7
80,West,-68,97,0.020,0,,0,0,0,萬子5 東風 南風 中ちゃん | 筒子2 筒子2 筒子3 筒子3 筒子4 筒子4 索子4 索子4 索子4
81,North,-68,96,0.020,0,,0,0,0,萬子5 索子5赤ドラ 南風 中ちゃん | 萬子2 萬子2 萬子2 筒子7 筒子7 筒子7 索子4 索子4 索子4
82,East,830,96,0.020,0,,0,0,1,中ちゃん | 萬子5赤ドラ 萬子5 萬子5 筒子2 筒子2 筒子2 索子3 索子4 索子5赤ドラ 南風 南風 南風
83,East,-68,96,0.020,0,,0,0,0,萬子5 索子4 索子4 索子4 | 萬子6 萬子6 萬子6 筒子2 筒子3 筒子4 南風 南風 南風
84,West,-68,96,0.020,0,,0,0,0,萬子6 筒子2 南風 中ちゃん | 萬子1 萬子1 萬子1 筒子4 筒子4 筒子4 索子4 索子4 索子4
85,North,-66,96,0.020,0,,0,0,0,萬子5 萬子6 萬子6 萬子6 筒子4 筒子7 索子5 東風 南風 中ちゃん | 東風 東風 東風
86,East,-68,96,0.020,0,,0,0,0,南風 | 筒子2 筒子2 筒子2 筒子3 筒子4 筒子5赤ドラ 筒子7 筒子7 筒子7 索子5 索子5 索子5赤ドラ
87,South,-68,96,0.020,0,,0,0,0,筒子2 筒子2 南風 中ちゃん | 萬子5 萬子5 萬子5 索子5 索子5 索子5 東風 東風 東風
88,East,-68,96,0.020,0,,0,0,0,萬子5赤ドラ 筒子2 南風 中ちゃん | 萬子2 萬子2 萬子2 索子5 索子5 索子5赤ドラ 南風 南風 南風
89,East,-66,96,0.020,0,,0,0,0,萬子5 萬子6 筒子7 筒子7 索子5赤ドラ 東風 中ちゃん | 萬子8 萬子8 萬子8 南風 南風 南風
90,North,-66,96,0.020,0,,0,0,0,萬子5 筒子2 南風 南風 南風 南風 東風 中ちゃん 中ちゃん 中ちゃん | 索子5 索子6 索子7
91,East,-68,96,0.020,0,,0,0,0,萬子6 索子5赤ドラ 東風 中ちゃん | 萬子1 萬子1 萬子1 筒子2 筒子2 筒子2 南風 南風 南風
92,North,-68,97,0.020,0,,0,0,0,萬子5赤ドラ 萬子8 筒子2 筒子2 東風 東風 中ちゃん | 萬子2 萬子3 萬子4 索子3 索子3 索子3
93,South,-66,96,0.020,0,,0,0,0,萬子5 萬子6 萬子8 筒子4 筒子7 筒子7 東風 南風 中ちゃん 中ちゃん | 筒子2 筒子2 筒子2
94,West,832,96,0.020,0,,0,0,1,南風 中ちゃん 中ちゃん 中ちゃん | 萬子5 萬子5 萬子5赤ドラ 筒子4 筒子4 筒子4 索子4 索子5赤ドラ 索子6
95,North,-70,97,0.020,0,,0,0,0,萬子5 萬子5 萬子5赤ドラ 筒子2 | 萬子4 萬子5 萬子6 萬子6 萬子7 萬子8 索子8 索子8 索子8
96,East,-68,97,0.020,0,,0,0,0,萬子5 萬子6 筒子2 筒子2 筒子4 筒子4 中ちゃん | 筒子7 筒子8 筒子9 索子5 索子6 索子7
97,East,-68,97,0.020,0,,0,0,0,萬子6 萬子6 筒子7 索子3 南風 東風 南風 | 萬子6 萬子7 萬子8 筒子4 筒子4 筒子4
98,East,-68,97,0.020,0,,0,0,0,萬子8 筒子2 筒子7 筒子9 南風 東風 中ちゃん | 萬子7 萬子8 萬子9 筒子2 筒子3 筒子4
99,North,-68,96,0.020,0,,0,0,0,筒子2 東風 東風 中ちゃん | 萬子5 萬子5 萬子5 索子6 索子7 索子8 南風 南風 南風
100,East,-68,96,0.020,0,,0,0,0,萬子5 筒子2 南風 中ちゃん | 萬子5 萬子5赤ドラ 萬子5 筒子2 筒子3 筒子4 筒子5赤ドラ 筒子6 筒子7
101,North,-66,97,0.020,0,,0,0,0,萬子8 萬子8 萬子8 筒子2 筒子4 筒子7 筒子7 筒子9 索子3 索子5 索子7 東風 南風 | 
102,East,-66,96,0.020,0,,0,0,0,萬子5 萬子5赤ドラ 萬子8 筒子4 索子5 索子5赤ドラ 東風 南風 東風 南風 | 筒子2 筒子3 筒子4
103,East,-66,96,0.020,0,,0,0,0,萬子5 萬子5 萬子8 筒子2 索子5 南風 東風 南風 中ちゃん 中ちゃん | 萬子1 萬子2 萬子3
104,East,-66,97,0.020,0,,0,0,0,萬子5 萬子8 筒子4 筒子4 筒子4 筒子7 索子5 南風 東風 南風 南風 南風 東風 | 
105,South,-66,97,0.020,0,,0,0,0,萬子5 萬子5赤ドラ 萬子5 萬子8 筒子2 筒子4 筒子7 索子5赤ドラ 索子5 東風 東風 東風 中ちゃん | 
106,North,-66,96,0.020,0,,0,0,0,萬子5赤ドラ 萬子8 萬子8 筒子4 索子8 南風 西風 東風 西風 白ちゃん | 筒子7 筒子8 筒子9
107,North,-66,96,0.020,0,,0,0,0,萬子5 萬子5 筒子2 筒子2 索子5 東風 南風 南風 中ちゃん 中ちゃん | 萬子3 萬子4 萬子5
108,North,1730,96,0.020,0,,0,0,2,筒子2 | 萬子5 萬子5赤ドラ 萬子5 萬子8 萬子8 萬子8 南風 南風 南風 中ちゃん 中ちゃん 中ちゃん
109,South,-66,96,0.020,0,,0,0,0,萬子5 萬子7 筒子2 索子5 索子5 索子5赤ドラ 索子5 東風 東風 南風 | 筒子1 筒子2 筒子3
110,North,-66,96,0.020,0,,0,0,0,萬子5 萬子8 萬子8 筒子2 筒子2 南風 南風 南風 南風 東風 | 筒子7 筒子8 筒子9
111,East,-66,96,0.020,0,,0,0,0,萬子5 筒子4 筒子4 筒子7 索子5 東風 東風 東風 南風 東風 | 索子3 索子4 索子5
112,North,-66,97,0.020,0,,0,0,0,萬子5 萬子5 萬子8 筒子2 筒子4 筒子4 筒子4 筒子4 筒子7 索子5 索子8 東風 白ちゃん | 
113,East,-66,97,0.020,0,,0,0,0,萬子1 萬子1 萬子5 萬子5 萬子8 萬子8 萬子8 筒子8 筒子8 筒子8 東風 東風 白ちゃん | 
114,West,-66,97,0.020,0,,0,0,0,萬子1 萬子1 萬子5赤ドラ 萬子8 萬子8 萬子8 筒子2 筒子4 筒子4 索子5赤ドラ 索子5 南風 東風 | 
115,South,-66,97,0.020,0,,0,0,0,萬子1 萬子5 萬子5赤ドラ 萬子8 筒子2 筒子2 筒子2 筒子2 筒子7 筒子7 索子5 南風 東風 | 
116,South,-66,97,0.020,0,,0,0,0,萬子1 萬子8 萬子8 筒子2 筒子4 筒子4 索子8 索子8 索子8 東風 南風 東風 東風 | 
117,South,-66,97,0.020,0,,0,0,0,萬子1 萬子1 萬子5赤ドラ 萬子5 萬子5 萬子8 筒子4 索子5赤ドラ 索子8 南風 東風 南風 南風 | 
118,East,-66,97,0.020,0,,0,0,0,萬子1 萬子1 萬子5 萬子8 筒子4 筒子7 索子5 索子5 索子8 東風 東風 南風 白ちゃん | 
119,North,-66,97,0.020,0,,0,0,0,萬子1 萬子1 萬子5赤ドラ 萬子5 萬子5 萬子8 筒子2 筒子2 筒子2 筒子7 索子5 東風 白ちゃん | 
120,South,-66,97,0.020,0,,0,0,0,萬子1 萬子5 萬子5赤ドラ 萬子8 筒子2 筒子2 筒子7 索子5 索子5 索子8 東風 南風 南風 | 
121,North,-66,97,0.020,0,,0,0,0,萬子1 萬子5 萬子5 萬子8 筒子2 筒子2 筒子4 索子5 索子8 索子8 索子8 南風 白ちゃん | 
122,East,-66,97,0.020,0,,0,0,0,萬子1 萬子5 萬子8 萬子8 筒子2 筒子2 筒子8 筒子9 索子3 索子3 索子8 東風 白ちゃん | 
123,East,-66,97,0.020,0,,0,0,0,萬子1 萬子5 萬子8 萬子8 筒子2 筒子2 筒子4 筒子7 筒子7 索子5 東風 南風 南風 | 
124,South,-66,97,0.020,0,,0,0,0,萬子5赤ドラ 筒子2 筒子2 筒子4 筒子7 筒子7 筒子9 筒子9 筒子9 索子5 索子5 索子8 南風 | 
125,North,-66,97,0.020,0,,0,0,0,萬子5 萬子8 萬子8 筒子2 筒子4 筒子7 筒子9 索子5 索子8 東風 南風 南風 南風 | 
126,East,-66,97,0.020,0,,0,0,0,萬子1 萬子5 萬子8 筒子2 筒子2 筒子4 筒子7 筒子9 索子5 東風 東風 南風 南風 | 
127,East,-66,97,0.020,0,,0,0,0,萬子5 萬子5 萬子8 萬子8 筒子4 筒子4 筒子7 筒子7 索子3 索子8 索子8 索子8 東風 | 
128,South,-66,96,0.020,0,,0,0,0,萬子8 萬子8 萬子8 筒子2 筒子2 筒子2 筒子4 索子5 索子5 索子8 | 筒子7 筒子8 筒子9
129,East,-68,96,0.020,0,,0,0,0,萬子5赤ドラ 萬子5 萬子5 萬子8 筒子2 筒子7 東風 | 筒子2 筒子3 筒子4 筒子7 筒子8 筒子9
130,North,-66,96,0.020,0,,0,0,0,萬子8 萬子8 筒子2 筒子2 索子5 索子8 南風 南風 東風 南風 | 萬子4 萬子5 萬子6
131,South,-66,96,0.020,0,,0,0,0,萬子8 萬子8 筒子2 筒子4 筒子7 索子5赤ドラ 索子5 索子8 東風 南風 | 索子2 索子3 索子4
132,South,-66,97,0.020,0,,0,0,0,萬子1 萬子1 萬子8 萬子8 筒子4 筒子7 筒子7 筒子9 索子8 東風 東風 東風 西風 | 
133,West,-66,97,0.020,0,,0,0,0,萬子5赤ドラ 萬子8 筒子2 筒子4 筒子9 筒子9 索子5赤ドラ 索子8 索子8 索子8 東風 東風 西風 | 
134,South,-66,97,0.020,0,,0,0,0,萬子1 萬子8 筒子2 筒子4 筒子7 筒子7 索子3 索子3 索子5 索子8 西風 南風 白ちゃん | 
135,West,-66,97,0.020,0,,0,0,0,萬子5 萬子8 萬子8 萬子8 筒子2 筒子2 筒子4 筒子4 筒子4 筒子7 東風 東風 南風 | 
136,East,-66,97,0.020,0,,0,0,0,萬子5 萬子5 萬子5赤ドラ 萬子8 筒子2 筒子4 筒子7 筒子7 索子5 索子8 東風 南風 南風 | 
137,South,-66,97,0.020,0,,0,0,0,萬子5 萬子8 萬子8 筒子2 筒子4 筒子7 索子5 索子8 東風 南風 南風 南風 東風 | 
138,East,6234,97,0.020,0,,0,0,7,萬子5赤ドラ 萬子5 萬子8 萬子8 筒子2 筒子2 筒子4 索子5 索子5 南風 東風 南風 東風 | 
139,East,-66,97,0.020,0,,0,0,0,萬子5 萬子5赤ドラ 筒子2 筒子4 筒子4 筒子4 筒子7 索子3 索子3 索子3 索子5 西風 南風 | 
140,South,15638,93,0.020,0,赤ドラ1 七対子,0,0,13,萬子5 萬子5 筒子4 筒子4 筒子9 筒子9 索子5 索子5赤ドラ 南風 南風 西風 東風 西風 東風 | 
141,North,-66,97,0.020,0,,0,0,0,萬子8 筒子4 筒子7 筒子7 筒子9 索子5 索子5 索子5 索子7 索子7 東風 南風 東風 | 
142,South,-66,97,0.020,0,,0,0,0,萬子5赤ドラ 萬子8 筒子2 筒子4 筒子4 筒子7 筒子9 索子8 索子8 西風 西風 南風 南風 | 
143,North,-66,97,0.020,0,,0,0,0,萬子5 筒子4 筒子4 筒子4 筒子7 筒子7 筒子9 筒子9 筒子9 索子7 東風 南風 南風 | 
144,East,-66,97,0.020,0,,0,0,0,萬子5 萬子5 萬子8 萬子8 筒子7 筒子7 筒子7 筒子9 索子7 索子7 南風 東風 東風 | 
145,South,-66,96,0.020,0,,0,0,0,萬子1 萬子1 萬子5 萬子8 筒子2 筒子2 筒子9 索子7 索子8 索子8 | 索子5 索子6 索子7
146,North,-68,97,0.020,0,,0,0,0,萬子8 筒子4 筒子7 索子7 南風 西風 西風 | 筒子7 筒子8 筒子9 索子5 索子6 索子7
147,West,-66,97,0.020,0,,0,0,0,萬子5 萬子8 筒子2 筒子2 筒子4 筒子4 筒子4 筒子7 筒子7 筒子7 筒子7 筒子9 索子7 | 
148,West,-66,97,0.020,0,,0,0,0,萬子8 筒子2 筒子2 筒子7 筒子9 筒子9 索子5 索子7 索子8 西風 南風 南風 白ちゃん | 
149,North,-66,96,0.020,0,,0,0,0,萬子5赤ドラ 萬子5 萬子8 萬子8 筒子2 筒子4 筒子7 筒子9 南風 南風 | 筒子2 筒子3 筒子4
150,South,-68,97,0.020,0,,0,0,0,萬子5 筒子2 筒子4 南風 | 筒子7 筒子8 筒子9 索子4 索子5 索子5 索子6 索子6 索子7
151,North,-66,96,0.020,0,,0,0,0,萬子5 萬子5 萬子5 萬子8 筒子2 筒子2 筒子4 筒子7 筒子7 南風 | 索子3 索子4 索子5赤ドラ
152,North,-66,97,0.020,0,,0,0,0,筒子2 筒子7 筒子7 筒子9 索子5 索子5 索子7 索子7 索子7 東風 東風 東風 白ちゃん | 
153,East,-68,97,0.020,0,,0,0,0,萬子5 萬子5 筒子2 筒子7 索子7 南風 南風 | 筒子7 筒子8 筒子9 索子3 索子4 索子5
154,East,-66,96,0.020,0,,0,0,0,萬子5 萬子5赤ドラ 萬子8 萬子8 筒子4 筒子9 筒子9 筒子9 南風 南風 | 索子5 索子6 索子7
155,North,-66,96,0.020,0,,0,0,0,萬子5 萬子5 萬子8 筒子2 筒子7 筒子9 筒子9 索子7 東風 南風 | 筒子2 筒子3 筒子4
156,North,-66,97,0.020,0,,0,0,0,筒子2 筒子2 筒子4 筒子7 筒子7 筒子9 筒子9 索子7 東風 西風 南風 東風 白ちゃん | 
157,South,-66,97,0.020,0,,0,0,0,萬子5 萬子5赤ドラ 萬子5 萬子8 筒子4 筒子4 筒子7 筒子7 筒子9 筒子9 筒子9 索子7 南風 | 
158,South,-68,96,0.020,0,,0,0,0,筒子2 筒子4 筒子4 筒子7 | 萬子2 萬子3 萬子4 筒子7 筒子8 筒子9 索子5 索子6 索子7
159,South,-66,97,0.020,0,,0,0,0,萬子5 萬子8 萬子8 筒子2 筒子2 筒子2 筒子4 筒子7 筒子9 筒子9 索子5 南風 東風 | 
160,West,-66,97,0.020,0,,0,0,0,萬子5 萬子5 筒子2 筒子2 筒子2 筒子9 索子5赤ドラ 索子7 南風 東風 東風 白ちゃん 白ちゃん | 
161,East,-66,97,0.020,0,,0,0,0,萬子1 萬子1 萬子5 萬子8 筒子4 筒子7 筒子9 筒子9 西風 東風 南風 白ちゃん 白ちゃん | 
162,South,-66,97,0.020,0,,0,0,0,萬子5 萬子8 筒子2 筒子2 筒子2 筒子7 筒子7 筒子9 筒子9 筒子9 索子5 索子5 索子7 | 
163,North,-66,96,0.020,0,,0,0,0,萬子8 萬子8 筒子4 筒子9 筒子9 筒子9 索子7 索子7 索子7 索子7 | 萬子1 萬子1 萬子1
164,East,-66,97,0.020,0,,0,0,0,萬子8 筒子2 筒子2 筒子2 筒子4 筒子9 筒子9 索子5赤ドラ 索子7 索子7 南風 東風 東風 | 
165,East,-66,97,0.020,0,,0,0,0,萬子5 萬子5 萬子5赤ドラ 筒子4 筒子7 筒子7 筒子9 索子5 南風 南風 東風 東風 南風 | 
166,North,6234,97,0.020,0,,0,0,7,萬子8 萬子8 筒子2 筒子7 筒子7 筒子9 筒子9 索子7 索子7 南風 南風 南風 南風 | 
167,East,-66,97,0.020,0,,0,0,0,萬子5 萬子8 筒子2 筒子2 筒子4 筒子4 筒子7 筒子9 筒子9 索子5 索子5 索子5 南風 | 
168,East,-66,97,0.020,0,,0,0,0,萬子5 萬子5 筒子2 筒子4 筒子7 筒子7 筒子7 筒子7 筒子9 索子5 索子7 東風 南風 | 
169,North,-66,97,0.020,0,,0,0,0,萬子5 萬子5 萬子8 筒子2 筒子2 筒子2 索子5 東風 南風 西風 白ちゃん 白ちゃん 白ちゃん | 
170,North,8344,83,0.020,0,七対子,0,0,6,萬子5 萬子5 萬子8 萬子8 筒子2 筒子2 筒子4 筒子4 筒子4 筒子4 筒子7 筒子7 南風 南風 | 
171,South,-66,97,0.020,0,,0,0,0,萬子5 萬子5 萬子5赤ドラ 萬子8 萬子8 筒子2 筒子2 筒子4 筒子7 索子7 索子7 南風 東風 | 
172,East,-66,97,0.020,0,,0,0,0,萬子5赤ドラ 萬子8 萬子8 筒子4 筒子7 筒子9 索子5 索子5赤ドラ 索子5 索子7 南風 白ちゃん 白ちゃん | 
173,West,-66,97,0.020,0,,0,0,0,萬子1 萬子5 萬子5 筒子2 筒子4 筒子4 筒子7 筒子7 筒子9 索子7 索子7 南風 白ちゃん | 
174,East,-66,97,0.020,0,,0,0,0,萬子5赤ドラ 萬子5 萬子8 筒子2 筒子2 筒子7 筒子7 筒子9 索子5赤ドラ 索子7 南風 南風 白ちゃん | 
175,South,-66,97,0.020,0,,0,0,0,萬子5 萬子5 萬子8 萬子8 萬子8 筒子2 筒子4 筒子7 筒子7 筒子7 筒子9 索子7 南風 | 
176,East,-66,97,0.020,0,,0,0,0,萬子5 萬子5赤ドラ 筒子2 筒子4 筒子4 筒子4 筒子7 筒子9 筒子9 索子5 索子7 東風 東風 | 
177,North,-66,97,0.020,0,,0,0,0,萬子8 筒子2 筒子4 筒子4 筒子7 筒子7 索子5 索子7 東風 南風 南風 白ちゃん 白ちゃん | 
178,South,-66,96,0.020,0,,0,0,0,萬子5赤ドラ 萬子8 筒子2 筒子2 筒子4 筒子4 筒子7 筒子9 索子7 白ちゃん | 筒子7 筒子8 筒子9
179,South,-70,97,0.020,0,,0,0,0,筒子7 | 萬子2 萬子3 萬子4 筒子2 筒子2 筒子2 索子3 索子4 索子5赤ドラ 索子7 索子7 索子7
180,West,-68,97,0.020,0,,0,0,0,筒子2 筒子4 筒子7 筒子7 筒子9 南風 白ちゃん | 萬子5 萬子5赤ドラ 萬子5 萬子8 萬子8 萬子8
181,North,-68,97,0.020,0,,0,0,0,萬子8 筒子2 筒子2 南風 | 筒子1 筒子2 筒子3 筒子7 筒子8 筒子9 索子1 索子2 索子3
182,West,-66,96,0.020,0,,0,0,0,萬子8 筒子2 筒子4 筒子7 筒子7 索子5 南風 東風 西風 白ちゃん | 筒子2 筒子2 筒子2
183,West,-66,97,0.020,0,,0,0,0,萬子8 萬子8 萬子8 筒子2 筒子7 筒子9 索子7 索子7 南風 南風 南風 白ちゃん 白ちゃん | 
184,East,-66,96,0.020,0,,0,0,0,萬子8 萬子8 筒子2 筒子2 筒子2 筒子9 索子7 索子7 南風 東風 | 筒子2 筒子3 筒子4
185,East,-70,97,0.020,0,,0,0,0,筒子2 筒子2 筒子4 筒子4 | 索子1 索子2 索子3 索子5 索子6 索子7 中ちゃん 中ちゃん 中ちゃん
186,South,-68,96,0.020,0,,0,0,0,萬子8 索子7 索子7 南風 | 筒子2 筒子3 筒子4 索子3 索子3 索子4 索子4 索子5赤ドラ 索子5
187,North,-66,96,0.020,0,,0,0,0,萬子8 筒子7 筒子7 索子3 索子7 南風 南風 | 筒子2 筒子3 筒子4 筒子4 筒子4 筒子4
188,South,-66,97,0.020,0,,0,0,0,萬子1 萬子1 萬子5 萬子8 萬子8 筒子2 筒子2 筒子7 索子3 索子7 南風 南風 南風 | 
189,South,-66,97,0.020,0,,0,0,0,萬子8 萬子8 筒子4 筒子4 筒子4 筒子7 筒子9 索子7 東風 南風 東風 南風 白ちゃん | 
190,North,-68,96,0.020,0,,0,0,0,萬子8 筒子4 索子7 南風 | 筒子2 筒子3 筒子4 筒子7 筒子8 筒子9 索子8 索子8 索子8
191,South,-68,96,0.020,0,,0,0,0,萬子8 筒子2 筒子2 南風 | 萬子5赤ドラ 萬子5 萬子5 筒子4 筒子4 筒子4 西風 西風 西風
192,South,-68,96,0.020,0,,0,0,0,萬子8 筒子4 筒子4 筒子7 索子7 南風 南風 | 筒子2 筒子3 筒子4 索子7 索子7 索子7
193,West,-68,97,0.020,0,,0,0,0,筒子2 筒子7 筒子9 索子7 索子7 索子7 南風 | 萬子5赤ドラ 萬子5 萬子5 筒子4 筒子4 筒子4
194,East,-68,97,0.020,0,,0,0,0,萬子8 萬子8 筒子2 筒子2 筒子4 索子7 南風 | 筒子7 筒子7 筒子7 白ちゃん 白ちゃん 白ちゃん
195,West,-66,96,0.020,0,,0,0,0,萬子5 萬子8 筒子4 筒子7 筒子9 索子7 索子7 東風 南風 白ちゃん | 萬子1 萬子1 萬子1
196,South,-66,97,0.020,0,,0,0,0,萬子1 萬子1 萬子8 萬子8 萬子8 筒子2 筒子2 筒子7 筒子7 筒子7 索子7 南風 南風 | 
197,West,-68,97,0.020,0,,0,0,0,萬子8 筒子2 筒子4 筒子4 筒子7 索子7 南風 | 索子3 索子3 索子3 東風 東風 東風
198,West,-66,96,0.020,0,,0,0,0,萬子8 萬子8 筒子2 筒子4 筒子7 筒子7 筒子7 索子7 索子7 索子7 | 西風 西風 西風
199,East,-66,97,0.020,0,,0,0,0,萬子8 萬子8 筒子2 筒子2 筒子4 筒子4 筒子4 筒子7 筒子7 筒子7 索子7 東風 南風 | 
200,South,-68,97,0.020,0,,0,0,0,萬子1 筒子2 筒子7 筒子9 筒子9 索子7 南風 | 筒子4 筒子4 筒子4 東風 東風 東風
201,South,-68,97,0.020,0,,0,0,0,筒子2 筒子2 筒子4 筒子7 筒子7 索子7 東風 | 萬子8 萬子8 萬子8 南風 南風 南風
202,West,-66,97,0.020,0,,0,0,0,萬子1 萬子8 萬子9 筒子2 筒子2 筒子2 筒子7 筒子9 索子7 東風 東風 白ちゃん 白ちゃん | 
203,South,-66,97,0.020,0,,0,0,0,萬子1 萬子8 筒子2 筒子2 筒子4 筒子4 筒子7 索子7 南風 南風 東風 西風 白ちゃん | 
204,West,-66,97,0.020,0,,0,0,0,萬子8 萬子8 筒子4 索子7 索子7 南風 南風 東風 南風 東風 白ちゃん 白ちゃん 白ちゃん | 
205,North,2634,97,0.020,0,,0,0,3,萬子8 萬子8 筒子2 筒子2 筒子7 筒子7 索子7 索子7 東風 東風 東風 南風 南風 | 
206,West,-66,97,0.020,0,,0,0,0,萬子1 萬子8 萬子8 萬子8 萬子8 筒子7 筒子7 筒子9 索子7 南風 東風 東風 白ちゃん | 
207,South,-66,97,0.020,0,,0,0,0,萬子1 萬子1 萬子1 萬子8 筒子2 筒子7 筒子7 筒子7 筒子9 索子7 索子7 南風 南風 | 
208,East,-68,97,0.020,0,,0,0,0,筒子2 筒子4 筒子4 筒子4 筒子9 筒子9 南風 | 筒子2 筒子2 筒子2 索子7 索子7 索子7
209,North,-68,96,0.020,0,,0,0,0,萬子8 萬子8 筒子4 筒子7 筒子7 索子7 南風 | 筒子2 筒子2 筒子2 索子7 索子7 索子7
210,South,-68,96,0.020,0,,0,0,0,萬子8 筒子4 筒子7 索子7 索子7 南風 南風 | 筒子7 筒子7 筒子7 索子4 索子4 索子4
211,East,-66,96,0.020,0,,0,0,0,萬子8 萬子8 萬子8 筒子2 筒子7 筒子7 索子7 東風 南風 南風 | 西風 西風 西風
212,East,-66,97,0.020,0,,0,0,0,萬子1 筒子2 筒子2 筒子2 筒子2 筒子4 筒子4 筒子7 索子7 索子7 索子7 東風 東風 | 
213,North,-66,96,0.020,0,,0,0,0,萬子8 萬子8 萬子8 萬子8 筒子2 筒子7 索子7 南風 東風 南風 | 筒子2 筒子3 筒子4
214,North,-68,96,0.020,0,,0,0,0,萬子8 萬子8 筒子2 筒子7 筒子7 索子7 索子7 | 萬子5赤ドラ 萬子5 萬子5 筒子2 筒子3 筒子4
215,North,-68,97,0.020,0,,0,0,0,萬子8 筒子4 筒子7 筒子7 筒子7 索子7 索子7 | 萬子6 萬子7 萬子8 筒子5 筒子6 筒子7
216,North,-68,96,0.020,0,,0,0,0,筒子4 筒子4 筒子7 索子7 | 萬子8 萬子8 萬子8 筒子9 筒子9 筒子9 南風 南風 南風
217,South,-68,96,0.020,0,,0,0,0,萬子8 筒子4 筒子4 東風 | 索子4 索子4 索子4 東風 南風 南風 東風 南風 東風
218,North,-66,96,0.020,0,,0,0,0,萬子8 萬子8 筒子4 筒子7 索子7 索子7 東風 東風 南風 白ちゃん | 筒子2 筒子3 筒子4
219,East,-66,96,0.020,0,,0,0,0,萬子5赤ドラ 筒子9 筒子9 索子3 索子7 索子7 東風 東風 南風 白ちゃん | 筒子2 筒子3 筒子4
220,East,-66,96,0.020,0,,0,0,0,萬子8 萬子8 筒子2 筒子2 筒子4 筒子4 東風 東風 東風 白ちゃん | 索子7 索子7 索子7
221,South,-68,96,0.020,0,,0,0,0,萬子8 筒子2 南風 東風 | 筒子2 筒子3 筒子4 筒子7 筒子8 筒子9 索子7 索子7 索子7
222,South,832,96,0.020,0,,0,0,1,筒子4 筒子4 索子7 索子7 | 筒子2 筒子3 筒子4 筒子7 筒子7 筒子7 南風 南風 南風
223,East,-68,96,0.020,0,,0,0,0,筒子2 筒子2 筒子4 筒子7 | 萬子8 萬子8 萬子8 西風 西風 西風 白ちゃん 白ちゃん 白ちゃん
224,West,1730,96,0.020,0,,0,0,2,筒子4 | 筒子2 筒子2 筒子2 筒子4 筒子4 筒子4 西風 西風 西風 白ちゃん 白ちゃん 白ちゃん
225,West,-68,96,0.020,0,,0,0,0,筒子4 南風 南風 白ちゃん | 筒子2 筒子2 筒子2 西風 東風 西風 東風 東風 西風
226,North,-66,96,0.020,0,,0,0,0,萬子1 萬子1 萬子8 萬子8 筒子7 筒子7 筒子7 筒子9 筒子9 索子7 | 東風 東風 東風
227,West,-66,96,0.020,0,,0,0,0,萬子8 筒子2 筒子2 筒子4 筒子4 筒子7 筒子7 南風 東風 南風 | 白ちゃん 白ちゃん 白ちゃん
228,North,-68,96,0.020,0,,0,0,0,萬子8 萬子8 筒子8 索子7 | 筒子2 筒子2 筒子2 筒子4 筒子4 筒子4 筒子9 筒子9 筒子9
229,West,-68,96,0.020,0,,0,0,0,萬子8 索子7 南風 東風 | 萬子1 萬子1 萬子1 筒子2 筒子3 筒子4 中ちゃん 中ちゃん 中ちゃん
230,North,4430,96,0.020,0,,0,0,5,筒子4 | 萬子1 萬子1 萬子1 萬子8 萬子8 萬子8 筒子4 筒子4 筒子4 白ちゃん 白ちゃん 白ちゃん
231,North,8034,96,0.020,0,,0,0,9,筒子2 筒子4 索子7 南風 南風 西風 東風 東風 白ちゃん 白ちゃん | 筒子2 筒子3 筒子4
232,East,-66,96,0.020,0,,0,0,0,萬子8 萬子8 筒子2 筒子7 索子7 索子7 索子9 | 萬子9 萬子9 萬子9 筒子2 筒子3 筒子4
233,West,-68,96,0.020,0,,0,0,0,筒子2 | 萬子1 萬子1 萬子1 筒子7 筒子8 筒子9 索子3 索子4 索子5赤ドラ 西風 西風 西風
234,South,-66,96,0.020,0,,0,0,0,萬子8 索子7 南風 西風 東風 東風 白ちゃん | 筒子4 筒子4 筒子4 索子5 索子6 索子7
235,North,-68,96,0.020,0,,0,0,0,筒子2 筒子2 索子7 南風 | 南風 南風 南風 東風 東風 東風 白ちゃん 白ちゃん 白ちゃん
236,West,-68,97,0.020,0,,0,0,0,萬子8 筒子2 筒子4 索子7 南風 白ちゃん 白ちゃん | 萬子6 萬子6 萬子6 筒子6 筒子7 筒子8
237,East,-68,96,0.020,0,,0,0,0,筒子2 筒子7 南風 白ちゃん | 萬子8 萬子8 萬子8 索子7 索子7 索子7 南風 南風 南風
238,East,-68,97,0.020,0,,0,0,0,萬子8 筒子2 筒子4 筒子4 筒子7 索子7 白ちゃん | 萬子6 萬子7 萬子8 西風 西風 西風
239,East,-68,96,0.020,0,,0,0,0,筒子2 筒子4 索子7 索子7 | 筒子4 筒子4 筒子4 筒子7 筒子7 筒子7 南風 南風 南風
240,North,-66,96,0.020,0,,0,0,0,萬子1 萬子1 萬子8 筒子7 筒子7 筒子9 索子7 索子7 白ちゃん 白ちゃん | 索子8 索子8 索子8
241,North,-66,96,0.020,0,,0,0,0,萬子1 萬子8 筒子4 筒子4 筒子7 筒子9 索子7 索子7 西風 西風 | 筒子7 筒子7 筒子7
242,West,-66,97,0.020,0,,0,0,0,萬子8 筒子4 筒子7 筒子7 筒子7 筒子9 索子4 索子4 索子7 西風 南風 白ちゃん 白ちゃん | 
243,East,-66,96,0.020,0,,0,0,0,萬子1 萬子8 萬子8 筒子2 筒子7 筒子9 索子7 索子7 西風 西風 | 筒子4 筒子4 筒子4
244,North,-68,96,0.020,0,,0,0,0,筒子7 西風 南風 白ちゃん | 萬子6 萬子7 萬子8 筒子1 筒子2 筒子2 筒子3 筒子3 筒子4
245,West,-66,96,0.020,0,,0,0,0,萬子8 筒子4 筒子7 筒子7 筒子9 索子7 南風 白ちゃん 白ちゃん 白ちゃん | 筒子7 筒子8 筒子9
246,North,-66,96,0.020,0,,0,0,0,萬子8 筒子7 索子4 索子4 索子7 索子7 西風 南風 南風 白ちゃん | 筒子2 筒子3 筒子4
247,East,-66,97,0.020,0,,0,0,0,萬子8 筒子2 筒子2 筒子7 筒子9 索子4 索子7 索子7 西風 南風 西風 南風 白ちゃん | 
248,North,-70,97,0.020,0,,0,0,0,筒子4 | 筒子7 筒子8 筒子9 索子3 索子4 索子5赤ドラ 索子7 索子7 索子7 東風 東風 東風
249,West,-68,96,0.020,0,,0,0,0,萬子8 筒子7 西風 白ちゃん | 筒子1 筒子2 筒子2 筒子3 筒子3 筒子4 索子5 索子6 索子7
250,North,-70,97,0.020,0,,0,0,0,萬子1 | 萬子8 萬子8 萬子8 筒子7 筒子7 筒子7 索子1 索子2 索子2 索子3 索子3 索子4
251,East,-68,96,0.020,0,,0,0,0,筒子2 筒子4 筒子4 筒子7 | 萬子8 萬子8 萬子8 筒子2 筒子3 筒子4 白ちゃん 白ちゃん 白ちゃん
252,North,-66,96,0.020,0,,0,0,0,萬子8 筒子2 筒子2 筒子2 筒子4 筒子7 索子7 南風 南風 白ちゃん | 索子4 索子4 索子4
253,South,-68,96,0.020,0,,0,0,0,萬子4 萬子8 萬子8 筒子2 筒子2 索子7 索子7 | 萬子6 萬子7 萬子8 索子5 索子6 索子7
254,South,-66,96,0.020,0,,0,0,0,萬子6 萬子6 萬子6 筒子2 筒子9 索子4 索子4 索子4 西風 南風 | 萬子6 萬子7 萬子8
255,North,-66,96,0.020,0,,0,0,0,萬子6 萬子8 筒子2 筒子4 筒子4 筒子7 西風 南風 南風 白ちゃん | 萬子6 萬子7 萬子8
256,West,-66,97,0.020,0,,0,0,0,萬子8 萬子8 筒子2 筒子4 筒子7 索子4 索子7 索子7 索子7 西風 南風 白ちゃん 白ちゃん | 
257,South,-66,97,0.020,0,,0,0,0,萬子8 筒子4 筒子7 筒子7 筒子7 索子4 索子4 索子4 南風 南風 西風 南風 白ちゃん | 
258,East,-68,96,0.020,0,,0,0,0,萬子8 萬子8 筒子4 筒子7 筒子7 索子4 索子4 | 筒子2 筒子3 筒子4 索子6 索子7 索子8
259,North,-68,96,0.020,0,,0,0,0,筒子9 | 萬子6 萬子7 萬子8 筒子2 筒子3 筒子4 索子1 索子2 索子3 索子5 索子6 索子7
260,South,-68,97,0.020,0,,0,0,0,萬子8 筒子2 索子4 索子7 索子7 索子7 白ちゃん | 萬子4 萬子5 萬子6 筒子2 筒子3 筒子4
261,South,-66,97,0.020,0,,0,0,0,萬子6 萬子8 筒子2 筒子2 筒子2 筒子4 筒子4 索子4 索子7 南風 西風 白ちゃん 白ちゃん | 
262,West,-66,96,0.020,0,,0,0,0,萬子6 萬子8 萬子8 筒子4 筒子4 筒子4 筒子7 筒子7 索子4 南風 | 白ちゃん 白ちゃん 白ちゃん
263,West,932,96,0.020,0,,0,0,2,筒子4 筒子4 筒子7 筒子7 | 萬子8 萬子8 萬子8 筒子2 筒子2 筒子2 索子3 索子3 索子3
264,West,-66,96,0.020,0,,0,0,0,萬子6 萬子8 筒子2 筒子2 筒子2 筒子2 索子7 索子7 白ちゃん 白ちゃん | 筒子7 筒子8 筒子9
265,West,-66,96,0.020,0,,0,0,0,萬子8 筒子2 筒子2 筒子2 筒子4 筒子4 索子7 索子7 索子7 白ちゃん | 筒子7 筒子7 筒子7
266,West,-68,96,0.020,0,,0,0,0,萬子6 筒子7 索子7 索子7 西風 南風 白ちゃん | 萬子8 萬子8 萬子8 筒子2 筒子3 筒子4
267,South,-66,96,0.020,0,,0,0,0,萬子8 萬子8 筒子2 筒子2 筒子4 筒子4 索子7 | 萬子4 萬子5赤ドラ 萬子6 筒子7 筒子8 筒子9
268,East,-68,97,0.020,0,,0,0,0,萬子8 筒子2 筒子7 索子4 索子4 白ちゃん 白ちゃん | 萬子6 萬子7 萬子8 筒子2 筒子3 筒子4
269,East,-66,96,0.020,0,,0,0,0,萬子8 筒子4 筒子4 筒子7 筒子7 索子4 索子7 索子7 白ちゃん 白ちゃん | 筒子7 筒子8 筒子9
270,South,-70,96,0.020,0,,0,0,0,白ちゃん | 萬子6 萬子7 萬子8 筒子2 筒子3 筒子4 索子1 索子2 索子3 索子3 索子4 索子5
271,South,-66,96,0.020,0,,0,0,0,萬子6 萬子6 筒子7 筒子9 索子4 索子7 南風 南風 南風 白ちゃん | 索子5 索子6 索子7
272,East,-66,97,0.020,0,,0,0,0,萬子8 萬子9 萬子9 筒子7 索子3 索子3 索子3 索子4 索子5 索子5 索子7 南風 西風 | 
273,East,-66,97,0.020,0,,0,0,0,萬子6 筒子2 筒子4 筒子4 筒子7 筒子9 筒子9 索子3 索子4 索子7 南風 白ちゃん 白ちゃん | 
274,North,-66,96,0.020,0,,0,0,0,萬子6 萬子6 筒子2 筒子4 筒子7 索子4 索子7 南風 南風 白ちゃん | 索子3 索子4 索子5赤ドラ
275,North,-68,96,0.020,0,,0,0,0,萬子6 萬子8 萬子8 筒子2 筒子7 白ちゃん 白ちゃん | 筒子4 筒子5赤ドラ 筒子6 索子5 索子6 索子7
276,West,-68,96,0.020,0,,0,0,0,萬子8 筒子7 筒子9 南風 | 筒子2 筒子2 筒子2 筒子4 筒子4 筒子4 索子4 索子4 索子4
277,North,-66,96,0.020,0,,0,0,0,筒子4 筒子4 筒子4 筒子7 筒子7 筒子7 南風 西風 南風 白ちゃん | 萬子6 萬子6 萬子6
278,West,-66,97,0.020,0,,0,0,0,萬子6 萬子8 筒子2 筒子7 筒子9 筒子9 筒子9 索子4 索子7 索子7 南風 南風 南風 | 
279,West,-66,97,0.020,0,,0,0,0,萬子6 萬子6 萬子8 筒子2 筒子4 筒子4 筒子7 筒子7 索子4 索子4 索子7 白ちゃん 白ちゃん | 
280,East,-68,97,0.020,0,,0,0,0,筒子2 筒子7 索子7 白ちゃん | 筒子4 筒子4 筒子4 筒子7 筒子7 筒子7 索子4 索子4 索子4
281,East,-68,97,0.020,0,,0,0,0,萬子6 筒子2 筒子9 索子4 南風 西風 白ちゃん | 萬子8 萬子8 萬子8 筒子4 筒子4 筒子4
282,West,-68,96,0.020,0,,0,0,0,萬子8 萬子8 萬子8 萬子8 筒子2 筒子4 白ちゃん | 萬子6 萬子6 萬子6 筒子7 筒子7 筒子7
283,South,-68,97,0.020,0,,0,0,0,萬子8 萬子8 筒子2 筒子4 索子4 索子7 索子7 | 筒子2 筒子3 筒子4 東風 東風 東風
284,West,-68,97,0.020,0,,0,0,0,筒子2 筒子2 筒子7 索子4 索子7 索子7 白ちゃん | 筒子7 筒子7 筒子8 筒子8 筒子9 筒子9
285,South,-66,97,0.020,0,,0,0,0,萬子6 萬子6 萬子8 筒子2 筒子2 筒子2 筒子4 筒子7 筒子9 索子4 索子7 白ちゃん 白ちゃん | 
286,East,-66,97,0.020,0,,0,0,0,萬子6 萬子8 萬子8 萬子8 筒子2 筒子4 筒子4 筒子7 筒子9 索子4 索子7 白ちゃん 白ちゃん | 
287,North,10734,97,0.020,0,,0,0,12,萬子9 萬子9 筒子4 筒子4 筒子7 筒子7 索子4 索子7 索子7 南風 南風 白ちゃん 白ちゃん | 
288,South,-66,97,0.020,0,,0,0,0,萬子6 萬子8 筒子2 筒子4 筒子4 筒子7 筒子7 索子4 索子4 索子7 西風 白ちゃん 白ちゃん | 
289,North,-66,97,0.020,0,,0,0,0,萬子6 萬子8 萬子8 筒子2 筒子2 筒子4 索子3 索子4 索子4 索子7 西風 西風 白ちゃん | 
290,East,-66,97,0.020,0,,0,0,0,萬子8 筒子2 筒子2 筒子2 筒子4 筒子7 筒子7 筒子9 索子4 索子7 索子7 白ちゃん 白ちゃん | 
291,North,-66,97,0.020,0,,0,0,0,萬子6 萬子6 萬子8 筒子2 筒子4 筒子4 筒子4 筒子7 索子4 索子4 索子7 索子7 白ちゃん | 
292,East,-66,97,0.020,0,,0,0,0,萬子8 筒子2 筒子2 筒子4 筒子7 筒子7 筒子9 索子1 索子4 索子4 索子7 西風 白ちゃん | 
293,East,-66,97,0.020,0,,0,0,0,萬子6 萬子8 萬子8 萬子8 筒子2 筒子7 索子1 索子1 索子4 索子7 白ちゃん 白ちゃん 白ちゃん | 
294,North,-66,97,0.020,0,,0,0,0,萬子6 萬子6 萬子8 萬子8 筒子4 筒子7 筒子7 筒子9 索子1 索子4 索子7 索子7 西風 | 
295,East,-66,97,0.020,0,,0,0,0,萬子6 萬子6 萬子8 萬子9 筒子4 筒子4 筒子4 筒子9 索子3 索子4 索子4 索子7 白ちゃん | 
296,North,-66,97,0.020,0,,0,0,0,萬子6 萬子8 萬子8 筒子2 筒子4 筒子4 筒子9 索子1 索子1 索子4 索子4 索子7 索子7 | 
297,East,-66,97,0.020,0,,0,0,0,萬子6 萬子8 萬子8 萬子8 筒子2 筒子2 筒子4 筒子7 索子1 索子4 索子7 西風 白ちゃん | 
298,South,-66,97,0.020,0,,0,0,0,萬子6 萬子8 萬子9 萬子9 筒子2 筒子4 筒子4 筒子4 筒子7 筒子9 索子4 索子7 白ちゃん | 
299,South,-66,97,0.020,0,,0,0,0,萬子6 萬子8 萬子9 萬子9 筒子2 筒子4 筒子4 筒子7 筒子7 筒子7 索子4 白ちゃん 白ちゃん | 
300,East,-66,97,0.020,0,,0,0,0,萬子8 萬子8 萬子8 萬子8 萬子9 萬子9 筒子2 筒子2 筒子7 索子3 索子4 索子7 白ちゃん | 
301,North,-66,97,0.020,0,,0,0,0,萬子6 萬子6 萬子8 萬子9 萬子9 筒子4 筒子7 筒子9 索子1 索子1 索子3 索子3 白ちゃん | 
302,North,-66,97,0.020,0,,0,0,0,萬子6 萬子9 筒子2 筒子2 筒子4 索子1 索子1 索子4 索子4 索子7 索子7 白ちゃん 白ちゃん | 
303,West,-66,97,0.020,0,,0,0,0,萬子8 萬子9 筒子2 筒子2 筒子4 筒子7 筒子9 索子1 索子3 索子3 索子4 索子7 白ちゃん | 
304,North,3848,76,0.020,0,七対子,0,0,1,萬子6 萬子6 萬子8 萬子8 萬子9 萬子9 筒子4 筒子4 筒子7 筒子7 索子7 索子7 白ちゃん 白ちゃん | 
305,North,-66,97,0.020,0,,0,0,0,筒子2 筒子4 筒子7 筒子7 筒子7 筒子9 索子1 索子1 索子3 索子4 索子4 發ちゃん 發ちゃん | 
306,South,-66,97,0.020,0,,0,0,0,萬子6 萬子6 萬子8 萬子8 筒子2 筒子4 筒子7 筒子9 筒子9 索子1 索子1 索子4 白ちゃん | 
307,East,-68,97,0.020,0,,0,0,0,萬子6 萬子9 萬子9 筒子4 索子4 索子7 白ちゃん | 萬子6 萬子6 萬子6 筒子7 筒子8 筒子9
308,East,-68,96,0.020,0,,0,0,0,萬子8 | 萬子6 萬子7 萬子8 筒子2 筒子3 筒子4 筒子8 筒子8 筒子8 白ちゃん 白ちゃん 白ちゃん
309,West,-66,96,0.020,0,,0,0,0,萬子8 萬子9 筒子4 筒子4 索子4 索子4 白ちゃん | 筒子2 筒子3 筒子4 筒子7 筒子8 筒子9
310,East,-66,96,0.020,0,,0,0,0,萬子9 萬子9 筒子2 筒子4 筒子4 筒子7 筒子7 筒子7 索子4 索子4 | 萬子6 萬子7 萬子8
311,South,-66,97,0.020,0,,0,0,0,萬子6 萬子6 萬子6 萬子8 筒子7 筒子9 索子1 索子4 索子7 索子7 白ちゃん 白ちゃん 白ちゃん | 
312,South,-66,96,0.020,0,,0,0,0,萬子6 萬子8 筒子2 筒子4 筒子7 索子1 索子4 白ちゃん 白ちゃん 白ちゃん | 發ちゃん 發ちゃん 發ちゃん
313,North,-66,96,0.020,0,,0,0,0,萬子6 筒子2 筒子2 筒子4 筒子7 筒子7 筒子9 索子4 索子7 白ちゃん | 發ちゃん 發ちゃん 發ちゃん
314,East,-68,97,0.020,0,,0,0,0,萬子6 筒子2 筒子2 筒子7 索子4 索子4 白ちゃん | 筒子4 筒子4 筒子4 筒子7 筒子8 筒子9
315,North,-66,96,0.020,0,,0,0,0,萬子6 萬子6 筒子2 筒子2 筒子4 索子4 索子4 發ちゃん 白ちゃん 發ちゃん | 筒子7 筒子7 筒子7
316,West,-66,97,0.020,0,,0,0,0,萬子9 萬子9 筒子2 筒子4 筒子7 筒子7 筒子7 筒子9 索子1 索子4 索子7 發ちゃん 發ちゃん | 
317,East,-66,97,0.020,0,,0,0,0,萬子6 萬子6 萬子8 萬子8 萬子8 萬子9 萬子9 筒子4 筒子7 筒子7 索子1 發ちゃん 發ちゃん | 
318,South,-66,97,0.020,0,,0,0,0,萬子6 筒子2 筒子2 筒子4 筒子4 筒子7 索子4 白ちゃん 發ちゃん 發ちゃん 白ちゃん 發ちゃん 白ちゃん | 
319,East,-66,96,0.020,0,,0,0,0,萬子6 萬子6 萬子8 萬子9 筒子2 筒子7 筒子7 索子4 索子4 發ちゃん | 筒子2 筒子3 筒子4
320,East,-68,96,0.020,0,,0,0,0,萬子6 筒子2 筒子2 白ちゃん | 萬子6 萬子7 萬子8 筒子2 筒子3 筒子4 筒子7 筒子8 筒子9
321,West,-68,96,0.020,0,,0,0,0,筒子4 | 萬子4 萬子5赤ドラ 萬子6 萬子6 萬子7 萬子8 筒子2 筒子3 筒子4 索子3 索子4 索子5
322,East,-68,97,0.020,0,,0,0,0,萬子8 萬子8 筒子2 筒子4 筒子7 白ちゃん 白ちゃん | 筒子8 筒子8 筒子8 索子1 索子2 索子3
323,West,-68,97,0.020,0,,0,0,0,萬子6 筒子2 索子4 白ちゃん 發ちゃん 白ちゃん 白ちゃん | 筒子7 筒子7 筒子7 索子2 索子2 索子2
324,East,-68,96,0.020,0,,0,0,0,萬子8 萬子8 筒子2 索子4 | 筒子2 筒子3 筒子4 筒子7 筒子7 筒子7 索子7 索子7 索子7
325,East,-66,96,0.020,0,,0,0,0,萬子8 萬子8 筒子4 筒子7 筒子7 筒子7 白ちゃん 發ちゃん 發ちゃん 白ちゃん | 中ちゃん 中ちゃん 中ちゃん
326,West,-66,97,0.020,0,,0,0,0,萬子8 萬子9 筒子2 筒子2 筒子2 筒子4 筒子7 筒子7 索子1 索子4 索子4 發ちゃん 白ちゃん | 
327,South,-68,97,0.020,0,,0,0,0,萬子6 萬子8 筒子4 筒子7 筒子7 索子4 白ちゃん | 萬子4 萬子5 萬子6 筒子2 筒子3 筒子4
328,South,-68,96,0.020,0,,0,0,0,萬子8 萬子8 筒子7 白ちゃん | 索子4 索子4 索子4 南風 南風 南風 白ちゃん 白ちゃん 白ちゃん
329,West,9654,67,0.020,0,白 三暗刻,0,0,3,萬子6 萬子7 萬子8 筒子4 筒子4 筒子4 筒子9 筒子9 索子1 索子1 索子1 白ちゃん 白ちゃん 白ちゃん | 
330,East,-66,97,0.020,0,,0,0,0,萬子6 萬子6 萬子8 萬子8 萬子9 萬子9 筒子2 筒子4 筒子4 筒子7 索子4 白ちゃん 發ちゃん | 
331,West,-66,96,0.020,0,,0,0,0,萬子8 萬子9 萬子9 萬子9 筒子2 筒子9 索子1 發ちゃん 中ちゃん 白ちゃん | 萬子4 萬子5 萬子6
332,West,-66,97,0.020,0,,0,0,0,萬子6 萬子6 筒子2 筒子4 筒子4 筒子7 筒子7 筒子7 索子4 發ちゃん 發ちゃん 發ちゃん 發ちゃん | 
333,South,-66,97,0.020,0,,0,0,0,萬子6 萬子8 萬子8 萬子8 萬子8 萬子9 筒子4 筒子4 筒子4 筒子7 索子4 發ちゃん 白ちゃん | 
334,North,9934,93,0.020,0,發 対々和,0,0,12,萬子8 萬子8 筒子2 筒子2 筒子2 | 萬子6 萬子6 萬子6 萬子9 萬子9 萬子9 發ちゃん 發ちゃん 發ちゃん
335,North,-68,96,0.020,0,,0,0,0,萬子6 萬子8 筒子4 筒子7 索子4 索子4 發ちゃん | 筒子2 筒子2 筒子2 索子7 索子7 索子7
336,South,-66,96,0.020,0,,0,0,0,萬子6 萬子8 萬子9 筒子2 筒子4 筒子7 索子4 白ちゃん 白ちゃん 發ちゃん | 索子2 索子2 索子2
337,South,-66,97,0.020,0,,0,0,0,萬子8 萬子8 萬子8 萬子8 萬子9 萬子9 萬子9 筒子4 筒子4 筒子7 索子1 白ちゃん 白ちゃん | 
338,East,-66,97,0.020,0,,0,0,0,萬子8 萬子9 萬子9 筒子2 筒子4 筒子4 索子1 索子4 索子4 索子4 白ちゃん 發ちゃん 白ちゃん | 
339,South,-68,96,0.020,0,,0,0,0,萬子8 萬子8 筒子2 筒子7 | 筒子1 筒子2 筒子3 筒子4 筒子4 筒子4 索子2 索子2 索子2
340,South,-70,96,0.020,0,,0,0,0,筒子2 | 萬子6 萬子7 萬子8 萬子8 萬子8 萬子8 索子1 索子2 索子3 南風 南風 南風
341,South,-66,97,0.020,0,,0,0,0,萬子6 萬子8 萬子8 萬子9 萬子9 萬子9 筒子2 筒子2 筒子4 筒子4 筒子7 筒子7 白ちゃん | 
342,West,-66,96,0.020,0,,0,0,0,萬子8 萬子8 萬子9 萬子9 筒子2 筒子7 筒子7 發ちゃん 發ちゃん 發ちゃん | 筒子2 筒子3 筒子4
343,North,-68,97,0.020,0,,0,0,0,萬子6 萬子6 萬子9 筒子4 筒子4 白ちゃん 白ちゃん | 索子2 索子3 索子4 索子4 索子5 索子6
344,West,-68,96,0.020,0,,0,0,0,萬子8 筒子4 筒子7 發ちゃん | 萬子9 萬子9 萬子9 筒子2 筒子2 筒子2 筒子9 筒子9 筒子9
345,East,-70,97,0.020,0,,0,0,0,筒子7 | 萬子4 萬子4 萬子4 萬子6 萬子6 萬子6 萬子6 萬子7 萬子8 索子1 索子2 索子3
346,South,-68,96,0.020,0,,0,0,0,萬子8 筒子2 筒子4 筒子7 | 萬子6 萬子7 萬子8 筒子2 筒子2 筒子3 筒子3 筒子4 筒子4
347,South,-68,97,0.020,0,,0,0,0,萬子8 筒子4 筒子7 發ちゃん | 萬子4 萬子4 萬子4 筒子2 筒子2 筒子2 索子5 索子6 索子7
348,West,-68,96,0.020,0,,0,0,0,萬子8 萬子9 筒子2 發ちゃん | 筒子2 筒子3 筒子4 筒子9 筒子9 筒子9 索子1 索子1 索子1
349,West,-68,97,0.020,0,,0,0,0,萬子8 筒子2 筒子2 筒子2 | 筒子2 筒子3 筒子4 筒子4 筒子5 筒子6 中ちゃん 中ちゃん 中ちゃん
350,North,-66,96,0.020,0,,0,0,0,萬子6 萬子6 萬子9 萬子9 筒子2 筒子4 發ちゃん | 萬子8 萬子8 萬子8 索子3 索子3 索子3
351,South,-70,97,0.020,0,,0,0,0,萬子8 筒子7 筒子7 白ちゃん | 萬子6 萬子7 萬子8 索子4 索子5 索子6 發ちゃん 發ちゃん 發ちゃん
352,North,-68,96,0.020,0,,0,0,0,萬子8 萬子9 筒子2 筒子2 筒子7 筒子7 發ちゃん | 筒子6 筒子7 筒子8 索子1 索子2 索子3
353,East,-66,96,0.020,0,,0,0,0,萬子8 萬子9 萬子9 筒子2 筒子4 筒子4 筒子4 筒子7 索子1 白ちゃん | 索子4 索子5赤ドラ 索子6
354,East,-66,96,0.020,0,,0,0,0,萬子8 萬子9 筒子4 筒子7 索子1 發ちゃん 發ちゃん 中ちゃん 白ちゃん 白ちゃん | 索子4 索子5 索子6
355,North,-68,97,0.020,0,,0,0,0,萬子8 萬子9 萬子9 筒子2 筒子4 筒子4 筒子7 | 萬子6 萬子7 萬子8 索子2 索子3 索子4
356,North,-66,96,0.020,0,,0,0,0,萬子8 萬子9 筒子4 筒子7 筒子7 發ちゃん 發ちゃん 白ちゃん 中ちゃん 中ちゃん | 筒子2 筒子3 筒子4
357,West,-66,96,0.020,0,,0,0,0,萬子6 萬子6 萬子8 萬子9 萬子9 筒子2 筒子4 筒子7 發ちゃん 發ちゃん | 筒子2 筒子2 筒子2
358,South,-66,97,0.020,0,,0,0,0,萬子6 萬子6 萬子8 筒子4 筒子4 筒子7 筒子7 筒子9 索子2 索子3 發ちゃん 中ちゃん 白ちゃん | 
359,South,-68,96,0.020,0,,0,0,0,筒子4 | 萬子6 萬子7 萬子8 筒子2 筒子2 筒子2 筒子7 筒子8 筒子9 索子1 索子2 索子3
360,West,-66,97,0.020,0,,0,0,0,萬子6 萬子8 萬子8 萬子9 筒子2 筒子4 筒子4 筒子7 索子1 索子1 中ちゃん 白ちゃん 白ちゃん | 
361,West,-68,96,0.020,0,,0,0,0,萬子8 萬子9 筒子2 筒子4 筒子4 筒子4 發ちゃん | 萬子6 萬子7 萬子8 筒子7 筒子7 筒子7
362,North,-68,96,0.020,0,,0,0,0,萬子9 筒子2 筒子4 筒子7 發ちゃん 發ちゃん 發ちゃん | 萬子8 萬子8 萬子8 中ちゃん 中ちゃん 中ちゃん
363,East,-68,96,0.020,0,,0,0,0,萬子8 萬子9 萬子9 筒子2 筒子7 發ちゃん 發ちゃん | 筒子2 筒子3 筒子4 筒子4 筒子4 筒子4
364,North,-66,97,0.020,0,,0,0,0,萬子6 萬子8 萬子9 筒子2 筒子2 筒子2 筒子4 筒子4 筒子4 索子1 白ちゃん 中ちゃん 白ちゃん | 
365,South,-66,97,0.020,0,,0,0,0,萬子8 萬子9 萬子9 萬子9 筒子2 筒子2 筒子4 筒子4 筒子4 筒子7 發ちゃん 白ちゃん 白ちゃん | 
366,North,-70,97,0.020,0,,0,0,0,萬子8 筒子7 發ちゃん 白ちゃん | 萬子9 萬子9 萬子9 筒子2 筒子3 筒子4 筒子4 筒子4 筒子4
367,East,-68,96,0.020,0,,0,0,0,萬子9 筒子2 筒子4 筒子4 白ちゃん 白ちゃん 白ちゃん | 萬子1 萬子1 萬子1 萬子9 萬子9 萬子9
368,West,-68,96,0.020,0,,0,0,0,筒子2 筒子2 筒子4 發ちゃん | 筒子3 筒子3 筒子3 索子1 索子1 索子1 索子2 索子3 索子4
369,East,8032,97,0.020,0,,0,0,9,筒子2 筒子4 發ちゃん 發ちゃん | 筒子2 筒子3 筒子4 筒子7 筒子7 筒子7 白ちゃん 白ちゃん 白ちゃん
370,North,-68,96,0.020,0,,0,0,0,萬子9 筒子7 白ちゃん 白ちゃん | 筒子2 筒子3 筒子4 筒子7 筒子8 筒子9 索子1 索子2 索子3
371,East,-66,97,0.020,0,,0,0,0,萬子6 萬子6 萬子8 萬子9 萬子9 筒子2 筒子4 筒子7 筒子7 索子1 中ちゃん 中ちゃん 白ちゃん | 
372,West,-68,97,0.020,0,,0,0,0,萬子8 萬子8 筒子2 筒子7 白ちゃん 發ちゃん 發ちゃん | 筒子2 筒子3 筒子4 筒子4 筒子4 筒子4
373,East,2632,96,0.020,0,,0,0,3,筒子2 | 萬子6 萬子6 萬子6 筒子3 筒子3 筒子3 筒子7 筒子7 筒子7 索子4 索子4 索子4
374,North,-68,96,0.020,0,,0,0,0,萬子8 萬子8 萬子8 筒子2 筒子4 筒子7 發ちゃん | 萬子4 萬子4 萬子4 索子7 索子7 索子7
375,West,-66,97,0.020,0,,0,0,0,萬子6 萬子8 萬子9 萬子9 筒子4 筒子7 索子1 索子1 白ちゃん 中ちゃん 發ちゃん 發ちゃん 中ちゃん | 
376,South,-66,96,0.020,0,,0,0,0,萬子6 筒子2 筒子4 筒子4 筒子4 筒子7 索子1 索子1 中ちゃん 發ちゃん | 筒子3 筒子3 筒子3
377,East,-66,96,0.020,0,,0,0,0,萬子8 筒子4 筒子4 筒子4 筒子4 筒子7 筒子7 白ちゃん 發ちゃん 白ちゃん | 索子4 索子5赤ドラ 索子6
378,North,-66,97,0.020,0,,0,0,0,萬子6 萬子6 萬子8 萬子8 萬子9 筒子2 筒子2 筒子4 筒子7 筒子7 發ちゃん 白ちゃん 發ちゃん | 
379,South,-66,96,0.020,0,,0,0,0,萬子8 萬子8 筒子2 筒子2 筒子7 筒子7 發ちゃん 發ちゃん 白ちゃん 白ちゃん | 筒子2 筒子3 筒子4
380,West,834,96,0.020,0,,0,0,1,筒子2 筒子4 筒子7 筒子7 發ちゃん 白ちゃん 白ちゃん 白ちゃん 發ちゃん 發ちゃん | 筒子2 筒子3 筒子4
381,North,-66,96,0.020,0,,0,0,0,萬子8 萬子9 筒子2 筒子2 筒子2 筒子4 筒子4 筒子7 發ちゃん 白ちゃん | 索子5 索子6 索子7
382,South,-66,97,0.020,0,,0,0,0,萬子4 萬子6 萬子6 萬子8 萬子8 筒子3 筒子4 筒子7 索子1 中ちゃん 發ちゃん 白ちゃん 白ちゃん | 
383,West,-68,96,0.020,0,,0,0,0,萬子8 萬子8 萬子9 筒子2 筒子7 發ちゃん 中ちゃん | 筒子2 筒子3 筒子4 索子4 索子5 索子6
384,East,-66,96,0.020,0,,0,0,0,萬子6 萬子6 萬子6 萬子8 萬子9 萬子9 筒子7 索子1 白ちゃん 發ちゃん | 萬子6 萬子7 萬子8
385,South,834,97,0.020,0,,0,0,1,萬子8 萬子8 萬子9 萬子9 筒子7 筒子7 索子1 索子1 索子6 索子6 白ちゃん 白ちゃん 發ちゃん | 
386,East,-68,96,0.020,0,,0,0,0,筒子4 筒子4 筒子7 索子1 索子6 白ちゃん 白ちゃん | 萬子4 萬子5 萬子6 索子5 索子6 索子7
387,West,-66,96,0.020,0,,0,0,0,萬子9 萬子9 萬子9 筒子2 筒子4 筒子7 白ちゃん 發ちゃん 發ちゃん 發ちゃん | 索子5 索子6 索子7
388,South,-68,97,0.020,0,,0,0,0,萬子9 萬子9 筒子2 筒子4 白ちゃん 發ちゃん 白ちゃん | 筒子2 筒子3 筒子4 索子4 索子5赤ドラ 索子6
389,South,-66,97,0.020,0,,0,0,0,萬子6 萬子8 萬子9 筒子2 筒子2 筒子3 筒子7 索子6 索子6 索子6 發ちゃん 白ちゃん 白ちゃん | 
390,North,-66,97,0.020,0,,0,0,0,萬子6 萬子6 筒子2 筒子2 筒子2 筒子4 筒子4 筒子7 白ちゃん 發ちゃん 白ちゃん 白ちゃん 發ちゃん | 
391,East,-66,97,0.020,0,,0,0,0,萬子4 萬子6 萬子9 萬子9 筒子2 筒子3 筒子4 筒子7 筒子7 索子1 發ちゃん 發ちゃん 白ちゃん | 
392,West,-66,96,0.020,0,,0,0,0,萬子6 萬子9 筒子3 筒子4 筒子4 筒子7 索子6 索子6 白ちゃん 白ちゃん | 萬子6 萬子7 萬子8
393,North,-68,96,0.020,0,,0,0,0,萬子9 筒子2 筒子4 索子1 發ちゃん 白ちゃん 發ちゃん | 筒子2 筒子3 筒子4 索子2 索子3 索子4
394,South,-66,96,0.020,0,,0,0,0,萬子6 萬子9 萬子9 萬子9 筒子4 筒子7 索子1 索子1 白ちゃん 發ちゃん | 筒子2 筒子3 筒子4
395,West,-66,96,0.020,0,,0,0,0,萬子5赤ドラ 萬子8 萬子9 筒子4 索子1 發ちゃん 白ちゃん | 萬子6 萬子7 萬子8 筒子6 筒子7 筒子8
396,North,-66,97,0.020,0,,0,0,0,萬子6 萬子9 筒子4 筒子4 筒子7 筒子7 索子1 索子6 發ちゃん 發ちゃん 白ちゃん 白ちゃん 發ちゃん | 
397,West,-68,96,0.020,0,,0,0,0,萬子8 筒子2 索子1 發ちゃん | 萬子6 萬子7 萬子8 筒子2 筒子3 筒子4 筒子7 筒子8 筒子9
398,South,-68,96,0.020,0,,0,0,0,萬子8 萬子9 筒子7 筒子7 索子1 中ちゃん 發ちゃん | 萬子2 萬子3 萬子4 筒子2 筒子3 筒子4
399,South,-68,97,0.020,0,,0,0,0,萬子8 筒子2 筒子7 筒子7 索子1 發ちゃん 發ちゃん | 萬子4 萬子5 萬子6 筒子2 筒子3 筒子4
400,South,-68,97,0.020,0,,0,0,0,萬子9 萬子9 萬子9 筒子4 發ちゃん 白ちゃん 發ちゃん | 筒子4 筒子5 筒子6 索子1 索子2 索子3
401,North,-68,96,0.020,0,,0,0,0,筒子2 筒子4 筒子4 發ちゃん | 筒子3 筒子3 筒子3 筒子7 筒子7 筒子7 中ちゃん 中ちゃん 中ちゃん
402,South,-68,96,0.020,0,,0,0,0,萬子8 中ちゃん 白ちゃん 白ちゃん | 萬子4 萬子4 萬子4 筒子2 筒子2 筒子3 筒子3 筒子4 筒子4
403,East,-68,96,0.020,0,,0,0,0,筒子2 筒子4 筒子7 發ちゃん 發ちゃん 白ちゃん 發ちゃん | 索子3 索子3 索子3 索子6 索子6 索子6
404,North,-66,96,0.020,0,,0,0,0,萬子8 萬子8 萬子9 筒子2 筒子2 筒子7 發ちゃん 白ちゃん 白ちゃん 白ちゃん | 筒子2 筒子3 筒子4
405,South,-68,97,0.020,0,,0,0,0,筒子2 筒子4 發ちゃん 發ちゃん | 萬子8 萬子8 萬子8 筒子6 筒子6 筒子6 索子2 索子3 索子4
406,North,-68,97,0.020,0,,0,0,0,萬子8 萬子9 萬子9 筒子7 白ちゃん 發ちゃん 中ちゃん | 筒子6 筒子7 筒子8 發ちゃん 發ちゃん 發ちゃん
407,North,-68,96,0.020,0,,0,0,0,中ちゃん 白ちゃん 白ちゃん 白ちゃん | 萬子4 萬子4 萬子4 萬子8 萬子8 萬子8 筒子3 筒子4 筒子5赤ドラ
408,East,-66,96,0.020,0,,0,0,0,萬子8 萬子8 萬子8 萬子9 萬子9 筒子2 筒子7 中ちゃん 白ちゃん 白ちゃん | 萬子6 萬子7 萬子8
409,West,-68,96,0.020,0,,0,0,0,筒子4 筒子7 白ちゃん 發ちゃん | 萬子6 萬子6 萬子6 筒子4 筒子4 筒子4 索子2 索子3 索子4
410,West,-68,97,0.020,0,,0,0,0,筒子2 筒子7 中ちゃん 白ちゃん 發ちゃん 中ちゃん 發ちゃん | 筒子2 筒子3 筒子4 筒子4 筒子5 筒子6
411,North,-66,97,0.020,0,,0,0,0,萬子4 萬子9 萬子9 筒子2 筒子3 筒子7 筒子7 索子6 索子6 發ちゃん 發ちゃん 中ちゃん 白ちゃん | 
412,South,-66,97,0.020,0,,0,0,0,萬子4 萬子8 萬子8 萬子8 萬子9 筒子2 筒子3 筒子4 筒子4 筒子4 筒子8 發ちゃん 發ちゃん | 
413,West,-66,97,0.020,0,,0,0,0,萬子8 筒子2 筒子3 筒子4 筒子4 筒子7 筒子7 筒子8 筒子8 發ちゃん 白ちゃん 中ちゃん 中ちゃん | 
414,East,-66,97,0.020,0,,0,0,0,萬子5赤ドラ 萬子6 萬子8 萬子9 筒子2 筒子2 筒子4 筒子8 索子1 索子1 索子6 發ちゃん 發ちゃん | 
415,East,-66,96,0.020,0,,0,0,0,萬子8 萬子8 筒子2 筒子3 筒子4 索子6 索子6 發ちゃん 中ちゃん 中ちゃん | 筒子2 筒子3 筒子4
416,West,-66,96,0.020,0,,0,0,0,萬子8 萬子9 萬子9 筒子3 筒子4 發ちゃん 中ちゃん 白ちゃん 中ちゃん 中ちゃん | 萬子4 萬子5赤ドラ 萬子6
417,East,-68,97,0.020,0,,0,0,0,筒子7 筒子7 筒子7 索子6 中ちゃん 白ちゃん 白ちゃん | 筒子2 筒子2 筒子3 筒子3 筒子4 筒子4
418,East,-68,97,0.020,0,,0,0,0,萬子4 萬子5 萬子5赤ドラ 筒子3 索子6 發ちゃん 白ちゃん | 筒子2 筒子3 筒子4 筒子7 筒子8 筒子9
419,North,-68,96,0.020,0,,0,0,0,筒子2 筒子4 筒子4 發ちゃん | 筒子2 筒子3 筒子4 筒子6 筒子6 筒子6 索子7 索子8 索子9
420,South,-68,96,0.020,0,,0,0,0,筒子2 筒子4 筒子7 發ちゃん | 萬子4 萬子5 萬子6 索子1 索子2 索子3 索子6 索子7 索子8
421,North,-68,97,0.020,0,,0,0,0,筒子2 筒子7 北風 發ちゃん 發ちゃん 發ちゃん 白ちゃん | 萬子6 萬子7 萬子8 索子6 索子7 索子8
422,North,-66,96,0.020,0,,0,0,0,萬子4 萬子5 萬子5 筒子3 筒子4 筒子7 索子6 索子6 發ちゃん 白ちゃん | 萬子6 萬子7 萬子8
423,West,-66,97,0.020,0,,0,0,0,萬子4 萬子5 萬子8 筒子2 筒子3 筒子3 筒子7 索子1 索子1 索子6 中ちゃん 發ちゃん 發ちゃん | 
424,West,-66,97,0.020,0,,0,0,0,萬子4 萬子4 筒子2 筒子2 筒子3 筒子4 筒子4 筒子7 筒子7 白ちゃん 白ちゃん 白ちゃん 發ちゃん | 
425,North,-66,96,0.020,0,,0,0,0,萬子5赤ドラ 萬子5 萬子8 筒子3 筒子7 筒子7 發ちゃん 發ちゃん 發ちゃん 白ちゃん | 筒子2 筒子3 筒子4
426,East,2632,97,0.020,0,,0,0,3,筒子2 筒子3 筒子4 發ちゃん 白ちゃん 白ちゃん 白ちゃん | 筒子1 筒子2 筒子3 筒子7 筒子7 筒子7
427,West,-66,97,0.020,0,,0,0,0,萬子8 筒子3 筒子3 筒子3 筒子4 筒子7 筒子7 筒子7 索子6 索子6 白ちゃん 中ちゃん 中ちゃん | 
428,East,-66,96,0.020,0,,0,0,0,萬子5 筒子2 筒子2 筒子3 白ちゃん 白ちゃん 白ちゃん | 索子6 索子6 索子6 發ちゃん 發ちゃん 發ちゃん
429,South,-68,96,0.020,0,,0,0,0,萬子5 筒子2 筒子2 筒子2 筒子3 發ちゃん 發ちゃん | 筒子7 筒子7 筒子7 西風 西風 西風
430,East,-68,96,0.020,0,,0,0,0,萬子4 萬子4 筒子3 發ちゃん | 萬子5 萬子5赤ドラ 萬子5 筒子7 筒子7 筒子7 索子6 索子6 索子6
431,South,930,97,0.020,0,,0,0,2,筒子3 筒子3 筒子7 筒子8 | 筒子2 筒子2 筒子3 筒子3 筒子4 筒子4 筒子7 筒子7 筒子7
432,North,-68,97,0.020,0,,0,0,0,萬子5 筒子2 筒子3 筒子4 筒子4 筒子7 索子6 | 筒子3 筒子3 筒子3 發ちゃん 發ちゃん 發ちゃん
433,West,-68,96,0.020,0,,0,0,0,筒子2 筒子4 筒子7 發ちゃん | 筒子3 筒子3 筒子3 筒子7 筒子7 筒子7 索子2 索子3 索子4
434,South,5764,47,0.020,0,赤ドラ1 対々和,0,0,2,萬子5赤ドラ 萬子5 筒子7 筒子7 筒子7 | 筒子3 筒子3 筒子3 筒子8 筒子8 筒子8 西風 西風 西風
435,North,-68,96,0.020,0,,0,0,0,萬子5 筒子2 筒子3 筒子7 發ちゃん 發ちゃん 發ちゃん | 萬子9 萬子9 萬子9 白ちゃん 白ちゃん 白ちゃん
436,West,-68,97,0.020,0,,0,0,0,筒子2 筒子2 筒子4 筒子4 筒子4 發ちゃん 發ちゃん | 筒子9 筒子9 筒子9 索子6 索子7 索子8
437,South,-66,97,0.020,0,,0,0,0,萬子9 萬子9 筒子2 筒子3 筒子4 筒子8 索子6 索子6 索子6 中ちゃん 白ちゃん 發ちゃん 白ちゃん | 
438,North,-66,96,0.020,0,,0,0,0,萬子5 萬子9 筒子2 筒子2 筒子2 筒子3 筒子4 筒子7 索子6 發ちゃん | 中ちゃん 中ちゃん 中ちゃん
439,West,-66,97,0.020,0,,0,0,0,萬子5 萬子5 筒子2 筒子2 筒子3 筒子3 筒子4 筒子7 筒子7 索子6 發ちゃん 發ちゃん 發ちゃん | 
440,North,-66,97,0.020,0,,0,0,0,萬子5 萬子5 筒子2 筒子3 筒子3 筒子3 筒子4 筒子4 筒子8 索子6 發ちゃん 發ちゃん 發ちゃん | 
441,South,-66,97,0.020,0,,0,0,0,萬子5 萬子9 萬子9 筒子2 筒子3 筒子4 筒子4 筒子7 筒子7 筒子8 筒子8 索子6 發ちゃん | 
442,South,-66,96,0.020,0,,0,0,0,萬子5赤ドラ 筒子2 筒子4 筒子4 筒子4 筒子8 索子1 索子1 索子6 中ちゃん | 索子6 索子6 索子6
443,East,-68,97,0.020,0,,0,0,0,筒子2 筒子2 筒子4 筒子4 筒子4 筒子4 發ちゃん | 萬子6 萬子7 萬子8 筒子6 筒子7 筒子8
444,West,-68,96,0.020,0,,0,0,0,萬子5 筒子2 筒子3 發ちゃん | 筒子2 筒子3 筒子4 筒子7 筒子7 筒子7 筒子8 筒子8 筒子8
445,South,-66,97,0.020,0,,0,0,0,萬子5赤ドラ 萬子9 萬子9 萬子9 筒子2 筒子2 筒子2 筒子4 筒子4 筒子8 索子6 索子6 索子6 | 
446,West,-66,97,0.020,0,,0,0,0,萬子5 萬子9 筒子2 筒子3 筒子3 筒子4 筒子4 筒子7 筒子8 中ちゃん 中ちゃん 中ちゃん 中ちゃん | 
447,North,-66,96,0.020,0,,0,0,0,萬子5 萬子9 萬子9 筒子2 筒子3 筒子4 筒子8 索子6 索子6 索子6 | 發ちゃん 發ちゃん 發ちゃん
448,East,-66,96,0.020,0,,0,0,0,筒子2 筒子2 筒子3 筒子4 索子6 索子6 發ちゃん | 萬子6 萬子6 萬子6 筒子9 筒子9 筒子9
449,South,-66,97,0.020,0,,0,0,0,萬子5赤ドラ 萬子9 筒子2 筒子2 筒子3 筒子3 筒子4 筒子4 筒子7 筒子9 索子6 索子6 中ちゃん | 
450,South,-66,97,0.020,0,,0,0,0,萬子4 萬子5 萬子6 萬子9 筒子2 筒子2 筒子7 筒子7 筒子8 索子1 發ちゃん 發ちゃん 中ちゃん | 
451,South,-66,97,0.020,0,,0,0,0,萬子5 萬子5 萬子5 萬子9 筒子3 筒子4 筒子7 索子6 索子6 索子6 中ちゃん 發ちゃん 發ちゃん | 
452,West,1932,96,0.020,0,,0,0,4,萬子5 筒子2 筒子2 筒子2 筒子7 筒子7 發ちゃん | 筒子4 筒子4 筒子4 發ちゃん 發ちゃん 發ちゃん
453,East,-68,97,0.020,0,,0,0,0,萬子4 筒子3 筒子7 筒子7 筒子7 索子6 發ちゃん | 筒子4 筒子4 筒子4 索子4 索子4 索子4
454,East,-66,97,0.020,0,,0,0,0,萬子4 萬子4 萬子5 萬子5 筒子3 筒子4 筒子4 筒子7 索子6 索子6 發ちゃん 中ちゃん 發ちゃん | 
455,West,-68,96,0.020,0,,0,0,0,筒子2 筒子3 筒子4 筒子7 | 萬子9 萬子9 萬子9 索子5赤ドラ 索子5 索子5 發ちゃん 發ちゃん 發ちゃん
456,North,-68,97,0.020,0,,0,0,0,萬子4 萬子5 筒子2 筒子3 筒子3 筒子7 索子6 | 萬子9 萬子9 萬子9 筒子5 筒子5 筒子5
457,South,-66,96,0.020,0,,0,0,0,萬子5 萬子9 筒子2 筒子2 筒子2 筒子3 筒子4 筒子9 中ちゃん 發ちゃん | 萬子5 萬子5赤ドラ 萬子5
458,East,4952,68,0.020,0,断么九 対々和,0,0,2,萬子4 萬子4 筒子2 筒子2 筒子2 筒子4 筒子4 筒子4 筒子7 筒子7 筒子7 | 萬子5 萬子5 萬子5
459,North,2634,97,0.020,0,,0,0,3,萬子4 萬子4 萬子5 萬子5赤ドラ 萬子9 萬子9 筒子3 筒子7 筒子7 筒子8 筒子8 筒子8 筒子8 | 
460,East,-66,97,0.020,0,,0,0,0,萬子4 萬子5 萬子5赤ドラ 萬子9 萬子9 筒子3 筒子9 筒子9 筒子9 索子6 中ちゃん 發ちゃん 發ちゃん | 
461,South,-68,96,0.020,0,,0,0,0,筒子2 筒子2 筒子3 筒子4 | 筒子7 筒子7 筒子7 索子6 索子6 索子6 發ちゃん 發ちゃん 發ちゃん
462,West,-68,96,0.020,0,,0,0,0,萬子5赤ドラ 筒子2 筒子3 發ちゃん | 萬子5 萬子5 萬子5 萬子6 萬子7 萬子8 筒子2 筒子3 筒子4
463,South,-66,97,0.020,0,,0,0,0,萬子4 萬子4 萬子4 萬子5 筒子2 筒子3 筒子3 筒子7 筒子7 筒子9 索子6 中ちゃん 發ちゃん | 
464,West,-66,96,0.020,0,,0,0,0,萬子4 萬子5 萬子5 筒子2 筒子2 筒子4 筒子9 筒子9 發ちゃん 發ちゃん | 筒子6 筒子7 筒子8
465,West,-66,97,0.020,0,,0,0,0,萬子9 筒子2 筒子3 筒子4 筒子4 筒子7 筒子7 筒子8 筒子9 筒子9 索子1 索子2 索子6 | 
466,West,-68,96,0.020,0,,0,0,0,萬子4 萬子4 萬子5赤ドラ 筒子3 筒子9 發ちゃん 發ちゃん | 萬子5 萬子5 萬子5 筒子2 筒子3 筒子4
467,East,-66,96,0.020,0,,0,0,0,萬子4 萬子4 萬子4 萬子4 筒子2 筒子4 筒子4 筒子7 筒子7 發ちゃん | 筒子7 筒子8 筒子9
468,South,-66,96,0.020,0,,0,0,0,萬子5 萬子5 筒子4 筒子7 筒子8 筒子8 發ちゃん | 筒子1 筒子2 筒子3 筒子4 筒子5 筒子6
469,North,-66,96,0.020,0,,0,0,0,萬子4 萬子4 萬子4 萬子5 筒子3 筒子4 筒子7 筒子7 筒子7 筒子9 | 筒子2 筒子3 筒子4
470,West,-68,97,0.020,0,,0,0,0,筒子2 筒子2 筒子4 筒子4 筒子7 發ちゃん 發ちゃん | 萬子3 萬子4 萬子5赤ドラ 萬子6 萬子6 萬子6
471,West,6238,89,0.020,0,三色通貫,0,0,9,筒子2 筒子2 筒子3 筒子3 筒子3 筒子7 筒子8 筒子9 | 萬子4 萬子5 萬子6 索子1 索子2 索子3
472,East,-68,97,0.020,0,,0,0,0,萬子4 萬子4 萬子5 筒子2 筒子3 筒子8 發ちゃん | 筒子9 筒子9 筒子9 索子3 索子4 索子5
473,East,-68,97,0.020,0,,0,0,0,萬子4 筒子3 筒子4 筒子4 | 筒子1 筒子2 筒子3 筒子6 筒子7 筒子7 筒子7 筒子7 筒子8
474,South,-68,96,0.020,0,,0,0,0,萬子4 萬子5 萬子5赤ドラ 萬子5 筒子4 筒子4 發ちゃん | 筒子1 筒子2 筒子3 索子1 索子2 索子3
475,East,-66,96,0.020,0,,0,0,0,萬子4 萬子5 萬子5 筒子2 筒子4 筒子4 筒子4 索子2 索子6 發ちゃん | 索子1 索子2 索子3
476,North,-66,96,0.020,0,,0,0,0,萬子4 萬子4 萬子4 萬子5 筒子2 筒子3 筒子8 筒子8 筒子9 筒子9 | 筒子2 筒子3 筒子4
477,East,-66,96,0.020,0,,0,0,0,萬子4 筒子2 筒子3 筒子4 筒子8 索子2 索子6 索子6 索子6 索子6 | 筒子1 筒子2 筒子3
478,South,4754,67,0.020,0,七対子,0,0,2,萬子4 萬子4 筒子2 筒子2 筒子3 筒子3 筒子4 筒子4 筒子7 筒子7 筒子8 筒子8 發ちゃん 發ちゃん | 
479,South,-66,97,0.020,0,,0,0,0,萬子4 萬子4 萬子4 萬子4 萬子5 筒子2 筒子2 筒子3 筒子7 筒子7 筒子8 發ちゃん 發ちゃん | 
480,South,-66,97,0.020,0,,0,0,0,萬子4 萬子4 萬子4 萬子5 筒子2 筒子3 筒子3 筒子3 筒子8 筒子9 筒子9 索子2 索子2 | 
481,North,-66,96,0.020,0,,0,0,0,萬子4 萬子5赤ドラ 萬子5 筒子2 筒子3 筒子7 筒子7 筒子8 筒子9 發ちゃん | 筒子4 筒子4 筒子4
482,West,-66,97,0.020,0,,0,0,0,萬子4 萬子4 萬子5 筒子2 筒子2 筒子3 筒子4 筒子7 筒子7 筒子8 發ちゃん 發ちゃん 發ちゃん | 
483,North,-66,97,0.020,0,,0,0,0,萬子4 萬子5 萬子5 筒子4 筒子4 筒子7 筒子7 筒子8 筒子9 索子1 索子6 索子6 發ちゃん | 
484,North,1932,97,0.020,0,,0,0,4,筒子2 筒子3 筒子8 筒子8 筒子8 發ちゃん 發ちゃん | 筒子2 筒子3 筒子4 筒子7 筒子7 筒子7
485,South,-68,97,0.020,0,,0,0,0,筒子2 筒子3 筒子3 筒子4 筒子7 筒子8 發ちゃん | 萬子6 萬子6 萬子6 筒子4 筒子4 筒子4
486,East,-68,96,0.020,0,,0,0,0,筒子2 筒子2 筒子4 筒子7 | 萬子9 萬子9 萬子9 筒子7 筒子7 筒子7 發ちゃん 發ちゃん 發ちゃん
487,East,-66,96,0.020,0,,0,0,0,筒子2 筒子2 筒子2 筒子4 筒子4 筒子7 筒子8 筒子8 發ちゃん 發ちゃん | 索子6 索子7 索子8
488,North,-66,96,0.020,0,,0,0,0,萬子5 筒子3 筒子3 筒子3 筒子3 筒子7 筒子8 筒子9 發ちゃん 發ちゃん | 萬子2 萬子3 萬子4
489,West,-68,96,0.020,0,,0,0,0,筒子2 筒子7 筒子7 筒子8 筒子8 發ちゃん 發ちゃん | 萬子4 萬子5 萬子6 筒子2 筒子3 筒子4
