Episode,Seat,Score,Turn,Epsilon,penalty_A,Yaku,MZ_Score,TEZ_Score,TAZ_Score,Tenpai,HandComplete
1,South,-15802,110,0.500,14390,,0,104,0,0,萬子1 萬子4 萬子5 萬子8 筒子1 筒子9 索子1 索子4 索子6 索子8 | 筒子5 筒子6 筒子7
2,South,-5629,110,0.500,4292,,0,200,0,0,萬子1 萬子4 萬子5 萬子5 萬子6 萬子8 萬子9 筒子8 索子3 發ちゃん | 萬子3 萬子3 萬子3
3,East,12695,109,0.500,-13388,,0,808,0,0,萬子9 筒子1 筒子1 索子9 東風 發ちゃん 中ちゃん | 萬子8 萬子8 萬子8 索子5 索子5 索子5
4,East,-11074,109,0.500,9892,,0,320,0,0,萬子2 萬子6 萬子9 筒子1 筒子2 筒子6 東風 | 索子5 索子6 索子7 中ちゃん 中ちゃん 中ちゃん
5,East,-15198,109,0.500,14010,,0,320,0,0,萬子2 筒子3 筒子4 筒子6 筒子7 索子3 索子7 | 筒子1 筒子2 筒子3 索子1 索子2 索子3
6,West,6190,110,0.500,-7156,,0,528,0,0,萬子5 萬子5 萬子7 筒子9 索子4 索子5 索子5赤ドラ 東風 西風 西風 | 中ちゃん 中ちゃん 中ちゃん
7,West,-42360,110,0.500,41184,,0,328,0,0,萬子3 索子7 北風 中ちゃん | 萬子5 萬子5赤ドラ 萬子5 筒子1 筒子2 筒子3 筒子4 筒子5 筒子6
8,South,-24486,110,0.500,23080,,0,96,0,0,萬子3 筒子1 筒子1 筒子3 筒子5 筒子8 筒子8 索子7 北風 發ちゃん | 筒子3 筒子4 筒子5
9,North,-15575,109,0.500,14216,,0,152,0,0,萬子1 萬子9 筒子1 筒子2 索子2 東風 中ちゃん | 萬子4 萬子4 萬子4 索子4 索子5赤ドラ 索子6
10,North,-15967,110,0.500,14918,,0,488,0,0,筒子6 東風 北風 北風 | 萬子3 萬子4 萬子5 筒子9 筒子9 筒子9 索子8 索子8 索子8
11,West,4775,109,0.500,-5894,,0,396,0,0,萬子6 萬子6 萬子7 萬子7 索子1 索子4 北風 | 萬子5 萬子5赤ドラ 萬子5 筒子7 筒子7 筒子7
12,North,-20196,110,0.500,18690,,0,0,0,0,萬子7 萬子9 筒子2 筒子4 筒子5赤ドラ 筒子5 筒子7 筒子8 索子1 北風 | 萬子4 萬子5 萬子6
13,East,315,109,0.500,-1500,,0,300,0,0,萬子1 萬子2 萬子3 萬子6 索子4 東風 南風 南風 南風 西風 北風 白ちゃん 白ちゃん | 
14,South,-5958,110,0.500,4574,,0,140,0,0,萬子1 筒子1 筒子3 筒子5 筒子6 筒子7 索子7 索子7 索子9 北風 | 筒子3 筒子3 筒子3
15,East,2526,110,0.500,-3758,,0,280,0,0,萬子1 筒子2 筒子7 筒子7 索子5 索子5 索子9 北風 發ちゃん 中ちゃん | 筒子6 筒子6 筒子6
16,West,7035,110,0.500,-7782,,0,756,0,0,萬子1 萬子1 萬子1 萬子2 筒子8 索子1 索子2 索子5赤ドラ 索子8 南風 | 索子4 索子4 索子4
17,North,-1430,109,0.500,250,,0,340,0,0,萬子3 筒子2 筒子2 索子2 索子3 索子4 南風 | 萬子7 萬子8 萬子9 發ちゃん 發ちゃん 發ちゃん
18,West,-20353,109,0.500,18980,,0,120,0,0,萬子3 萬子7 萬子9 筒子2 筒子5 索子8 發ちゃん | 筒子4 筒子5 筒子6 索子3 索子3 索子3
19,South,-24541,110,0.500,23090,,0,40,0,0,萬子1 萬子5赤ドラ 筒子2 筒子7 索子1 索子1 索子3 西風 西風 中ちゃん | 萬子7 萬子8 萬子9
20,South,-16096,109,0.500,15052,,0,488,0,0,發ちゃん | 萬子4 萬子4 萬子4 筒子1 筒子1 筒子1 筒子5 筒子6 筒子7 白ちゃん 白ちゃん 白ちゃん
21,North,5557,110,0.500,-6576,,0,480,0,0,筒子5 索子3 索子7 索子8 索子8 東風 東風 北風 發ちゃん 發ちゃん | 萬子1 萬子1 萬子1
22,North,-37885,109,0.500,36390,,0,0,0,0,萬子3 萬子9 萬子9 筒子4 筒子5 索子3 白ちゃん | 萬子4 萬子5 萬子6 索子5 索子6 索子7
23,West,-415,110,0.500,-630,,0,440,0,0,萬子1 萬子1 筒子3 筒子7 索子1 索子1 索子5赤ドラ 索子6 東風 中ちゃん | 索子2 索子2 索子2
24,South,11537,109,0.500,-12420,,0,616,0,0,萬子3 索子7 索子8 索子8 索子8 北風 中ちゃん | 北風 北風 北風 發ちゃん 發ちゃん 發ちゃん
25,South,10645,109,0.500,-11370,,0,760,0,0,萬子2 筒子1 筒子2 筒子3 索子6 索子7 西風 | 筒子5赤ドラ 筒子5 筒子5 白ちゃん 白ちゃん 白ちゃん
26,North,-15021,110,0.500,13674,,0,208,0,0,筒子1 筒子4 索子1 北風 | 萬子2 萬子2 萬子2 索子2 索子3 索子4 索子6 索子7 索子8
27,North,-6155,110,0.500,4732,,0,104,0,0,萬子2 萬子3 萬子7 萬子9 筒子1 筒子7 索子5 南風 北風 北風 | 西風 西風 西風
28,South,-37744,109,0.500,36290,,0,32,0,0,萬子3 筒子8 筒子8 索子5 索子9 西風 中ちゃん | 萬子3 萬子4 萬子5赤ドラ 筒子3 筒子4 筒子5
29,North,-21467,110,0.500,20264,,0,320,0,0,萬子3 筒子9 索子2 南風 | 筒子4 筒子5赤ドラ 筒子6 筒子7 筒子7 筒子7 索子9 索子9 索子9
30,West,2255,110,0.500,-3426,,0,328,0,0,萬子1 筒子5 索子2 索子4 索子6 索子7 索子8 索子9 東風 北風 | 索子3 索子3 索子3
31,South,-1091,110,0.500,-166,,0,252,0,0,萬子2 索子3 索子3 索子3 索子7 索子8 東風 東風 南風 北風 | 北風 北風 北風
32,South,3493,109,0.500,-4514,,0,480,0,0,萬子1 萬子7 筒子1 筒子5 索子9 南風 北風 | 筒子2 筒子2 筒子2 索子7 索子7 索子7
33,West,-1821,109,0.500,500,,0,164,0,0,萬子1 筒子8 索子1 索子1 索子6 東風 南風 北風 白ちゃん 發ちゃん 發ちゃん 發ちゃん 中ちゃん | 
34,South,10546,109,0.500,-11284,,0,752,0,0,萬子4 筒子8 索子8 索子9 東風 西風 北風 | 萬子2 萬子2 萬子2 北風 北風 北風
35,East,-23085,110,0.500,21760,,0,164,0,0,萬子2 萬子5 萬子7 萬子8 萬子9 筒子2 索子5 索子9 索子9 索子9 | 萬子2 萬子3 萬子4
36,East,6005,109,0.500,-7068,,0,440,0,0,萬子2 萬子9 筒子1 筒子2 筒子3 索子7 中ちゃん | 筒子1 筒子1 筒子1 索子9 索子9 索子9
37,East,-4935,110,0.500,3722,,0,304,0,0,萬子1 萬子5 萬子8 筒子1 筒子7 索子3 索子4 南風 白ちゃん 中ちゃん | 筒子8 筒子8 筒子8
38,West,2095,110,0.500,-3240,,0,380,0,0,萬子1 萬子2 萬子6 萬子9 筒子7 索子4 白ちゃん 中ちゃん 中ちゃん 中ちゃん | 萬子1 萬子1 萬子1
39,North,295,110,0.500,-1608,,0,224,0,0,萬子1 萬子2 筒子1 筒子2 筒子2 索子1 索子5 索子6 索子8 南風 | 萬子3 萬子3 萬子3
40,North,1422,110,0.500,-2444,,0,464,0,0,萬子1 筒子5赤ドラ 筒子6 筒子8 筒子9 索子1 東風 南風 南風 白ちゃん | 索子9 索子9 索子9
41,East,-32770,109,0.500,31480,,0,208,0,0,萬子3 萬子8 筒子9 索子6 索子6 西風 發ちゃん | 筒子1 筒子2 筒子3 筒子6 筒子7 筒子8
42,North,-4683,109,0.500,3350,,0,152,0,0,萬子1 萬子2 萬子4 萬子6 萬子8 索子7 索子9 東風 東風 白ちゃん 發ちゃん 發ちゃん 中ちゃん | 
43,North,-27466,109,0.500,26124,,0,144,0,0,萬子5 萬子9 索子6 索子8 索子9 西風 白ちゃん | 萬子7 萬子7 萬子7 筒子2 筒子3 筒子4
44,East,4343,110,0.500,-5358,,0,472,0,0,萬子4 萬子4 萬子9 筒子2 筒子5 筒子7 筒子9 索子1 索子1 索子9 | 筒子4 筒子4 筒子4
45,West,-625,110,0.500,-494,,0,392,0,0,萬子2 萬子6 筒子5 筒子7 南風 南風 西風 白ちゃん 發ちゃん 中ちゃん | 白ちゃん 白ちゃん 白ちゃん
46,South,4415,110,0.500,-5560,,0,360,0,0,萬子1 萬子3 萬子6 萬子8 筒子2 筒子7 索子7 索子7 索子9 發ちゃん | 南風 南風 南風
47,East,5894,109,0.500,-6806,,0,592,0,0,萬子1 萬子9 索子1 索子5赤ドラ 索子6 西風 白ちゃん | 萬子7 萬子7 萬子7 筒子6 筒子6 筒子6
48,West,-5517,109,0.500,4100,,0,68,0,0,萬子4 萬子5 萬子6 筒子8 索子6 索子9 南風 西風 西風 白ちゃん 白ちゃん 白ちゃん 中ちゃん | 
49,West,267,110,0.500,-1474,,0,324,0,0,筒子1 索子1 索子3 索子6 東風 白ちゃん 白ちゃん 白ちゃん 發ちゃん 中ちゃん | 索子9 索子9 索子9
50,South,10976,110,0.500,-11884,,0,588,0,0,萬子2 萬子2 萬子2 筒子1 筒子5 筒子5 筒子7 索子3 索子7 索子9 | 萬子1 萬子1 萬子1
51,South,3284,110,0.500,-4530,,0,264,0,0,萬子2 萬子4 索子7 索子7 索子9 東風 西風 白ちゃん 白ちゃん 中ちゃん | 發ちゃん 發ちゃん 發ちゃん
52,South,-11808,109,0.500,10358,,0,72,0,0,萬子7 萬子8 筒子1 筒子2 筒子2 索子1 索子7 | 萬子2 萬子3 萬子4 筒子5 筒子5赤ドラ 筒子5
53,East,-36859,109,0.500,35640,,0,272,0,0,筒子2 筒子3 筒子6 索子1 索子2 東風 中ちゃん | 筒子5 筒子6 筒子7 索子2 索子3 索子4
54,East,-21803,110,0.500,20650,,0,332,0,0,筒子8 索子5 索子5 索子6 索子6 索子6 索子7 索子7 索子8 西風 | 筒子5 筒子6 筒子7
55,West,8124,110,0.500,-9088,,0,584,0,0,萬子8 筒子7 北風 發ちゃん | 筒子5 筒子5 筒子5赤ドラ 索子4 索子5 索子6 西風 西風 西風
56,East,3103,109,0.500,-4192,,0,424,0,0,萬子8 筒子1 索子1 索子6 索子7 西風 西風 | 南風 南風 南風 中ちゃん 中ちゃん 中ちゃん
57,North,-23964,110,0.500,22520,,0,44,0,0,萬子2 萬子2 萬子2 萬子4 萬子5 筒子1 筒子2 筒子5赤ドラ 索子7 發ちゃん | 筒子1 筒子2 筒子3
58,East,1247,109,0.500,-2400,,0,332,0,0,萬子3 萬子3 萬子6 筒子2 索子2 索子4 索子4 索子4 索子6 索子9 南風 白ちゃん 中ちゃん | 
59,South,1819,109,0.500,-2882,,0,460,0,0,萬子8 筒子1 筒子9 索子6 索子6 中ちゃん 中ちゃん | 萬子1 萬子1 萬子1 萬子6 萬子7 萬子8
60,North,-11617,110,0.500,10528,,0,464,0,0,筒子6 索子2 索子5赤ドラ 索子7 | 筒子5 筒子5 筒子5赤ドラ 索子1 索子2 索子3 西風 西風 西風
61,North,-16794,109,0.500,15612,,0,320,0,0,萬子9 萬子9 筒子1 索子3 索子9 索子9 東風 | 萬子3 萬子3 萬子3 萬子5赤ドラ 萬子6 萬子7
62,East,11677,109,0.500,-12336,,0,828,0,0,萬子6 筒子8 索子1 索子1 索子7 索子9 中ちゃん | 西風 西風 西風 發ちゃん 發ちゃん 發ちゃん
63,East,1357,110,0.500,-2444,,0,424,0,0,萬子4 筒子3 筒子4 索子1 索子2 索子5 索子7 索子8 中ちゃん 中ちゃん | 筒子6 筒子6 筒子6
64,West,-5396,109,0.500,4076,,0,208,0,0,萬子5 萬子9 筒子2 筒子3 筒子4 南風 中ちゃん | 萬子2 萬子2 萬子2 筒子6 筒子7 筒子8
65,North,-42064,109,0.500,40770,,0,192,0,0,筒子1 筒子5 筒子6 筒子9 索子3 索子8 北風 | 萬子7 萬子8 萬子9 索子4 索子5 索子6
66,North,-17141,110,0.500,15806,,0,208,0,0,筒子5 筒子5 筒子6 索子2 | 筒子1 筒子2 筒子3 筒子7 筒子7 筒子7 索子3 索子3 索子3
67,South,-28367,110,0.500,26880,,0,0,0,0,萬子1 萬子2 萬子3 萬子3 萬子6 筒子1 筒子4 筒子9 南風 西風 | 萬子6 萬子7 萬子8
68,North,5669,110,0.500,-6664,,0,496,0,0,萬子3 筒子2 索子3 索子7 索子7 索子7 東風 發ちゃん 中ちゃん 中ちゃん | 北風 北風 北風
69,East,-5763,109,0.500,4346,,0,112,0,0,萬子2 萬子5 萬子7 萬子8 筒子7 東風 西風 | 萬子1 萬子1 萬子1 索子9 索子9 索子9
70,North,13601,109,0.500,-14334,,0,752,0,0,索子1 索子1 索子8 南風 南風 北風 發ちゃん | 索子4 索子4 索子4 白ちゃん 白ちゃん 白ちゃん
71,South,3367,110,0.500,-4526,,0,340,0,0,萬子3 萬子4 萬子4 萬子4 萬子6 索子5赤ドラ 索子9 東風 西風 發ちゃん | 筒子6 筒子6 筒子6
72,South,-6192,109,0.500,4952,,0,272,0,0,萬子3 筒子3 筒子6 筒子9 索子5 北風 中ちゃん | 萬子5 萬子6 萬子7 索子6 索子6 索子6
73,North,-9248,109,0.500,8246,,0,484,0,0,萬子6 萬子8 萬子8 萬子8 萬子9 筒子2 中ちゃん | 萬子5 萬子5赤ドラ 萬子5 筒子1 筒子2 筒子3
74,North,3992,110,0.500,-4912,,0,616,0,0,索子8 南風 白ちゃん 中ちゃん | 索子1 索子2 索子3 索子5 索子5赤ドラ 索子5 發ちゃん 發ちゃん 發ちゃん
75,South,4162,110,0.500,-5294,,0,404,0,0,萬子5赤ドラ 筒子1 筒子5 索子5 索子6 索子7 西風 西風 西風 中ちゃん | 北風 北風 北風
76,North,2988,110,0.500,-4084,,0,400,0,0,萬子3 萬子5 萬子8 萬子8 萬子9 筒子2 索子5 北風 白ちゃん 中ちゃん | 筒子5 筒子5赤ドラ 筒子5
77,West,-36790,109,0.500,35320,,0,24,0,0,萬子9 筒子5 筒子5 筒子6 索子5 索子8 發ちゃん | 筒子7 筒子8 筒子9 索子2 索子3 索子4
78,North,-2829,109,0.500,1894,,0,564,0,0,萬子5 萬子7 萬子8 萬子8 筒子4 索子4 北風 | 筒子3 筒子3 筒子3 筒子7 筒子8 筒子9
79,North,4433,109,0.500,-5508,,0,432,0,0,萬子2 萬子5 萬子8 筒子1 筒子1 索子7 中ちゃん | 萬子7 萬子7 萬子7 筒子2 筒子2 筒子2
80,South,-989,110,0.500,-308,,0,240,0,0,萬子1 萬子3 筒子8 筒子8 索子3 索子5 索子7 南風 白ちゃん 發ちゃん | 筒子9 筒子9 筒子9
81,East,-21077,110,0.500,19580,,0,0,0,0,萬子2 萬子3 萬子5 筒子1 筒子2 筒子3 筒子6 筒子7 南風 白ちゃん | 筒子4 筒子5 筒子6
82,East,-24634,110,0.500,23230,,0,88,0,0,萬子1 萬子2 萬子4 萬子5赤ドラ 萬子5 筒子2 筒子4 筒子7 筒子8 南風 | 萬子6 萬子7 萬子8
83,East,7219,110,0.500,-8182,,0,540,0,0,萬子4 萬子4 萬子4 萬子4 萬子8 萬子8 筒子2 筒子3 索子8 中ちゃん | 筒子6 筒子6 筒子6
84,East,14230,110,0.500,-14940,,0,824,0,0,萬子9 索子4 索子6 發ちゃん | 萬子9 萬子9 萬子9 筒子6 筒子6 筒子6 中ちゃん 中ちゃん 中ちゃん
85,West,-12534,109,0.500,11412,,0,392,0,0,萬子4 筒子2 筒子4 索子1 索子2 索子6 中ちゃん | 索子1 索子2 索子3 索子4 索子4 索子4
86,North,-505,109,0.500,16,,0,1016,0,0,萬子5 | 萬子3 萬子3 萬子3 萬子4 萬子4 萬子4 筒子6 筒子7 筒子8 白ちゃん 白ちゃん 白ちゃん
87,North,17036,73,0.500,1698,清一色,0,500,0,43,萬子3 萬子3 萬子3 萬子4 萬子4 萬子6 萬子7 萬子8 | 萬子1 萬子2 萬子3 萬子6 萬子6 萬子6
88,East,-15984,110,0.500,14862,,0,416,0,0,萬子8 筒子1 筒子3 索子1 | 萬子3 萬子3 萬子3 萬子5 萬子5 萬子6 萬子6 萬子7 萬子7
89,South,-21339,109,0.500,20134,,0,280,0,0,萬子5赤ドラ 萬子8 索子7 索子7 南風 南風 白ちゃん | 萬子3 萬子4 萬子5 西風 西風 西風
90,East,-20909,110,0.500,19540,,0,132,0,0,萬子8 萬子9 萬子9 萬子9 萬子9 筒子2 筒子9 索子7 索子8 東風 | 筒子7 筒子8 筒子9
91,South,-35165,109,0.500,33870,,0,196,0,0,萬子9 筒子7 索子9 西風 發ちゃん 發ちゃん 發ちゃん | 筒子4 筒子5 筒子6 筒子6 筒子7 筒子8
92,South,7293,110,0.500,-8310,,0,488,0,0,萬子6 筒子5 筒子5 筒子7 筒子8 筒子9 索子6 白ちゃん 中ちゃん 中ちゃん | 筒子4 筒子4 筒子4
93,West,1545,110,0.500,1764,,0,940,0,13,萬子2 萬子4 萬子5 萬子5赤ドラ | 萬子4 萬子5 萬子6 萬子6 萬子7 萬子7 萬子7 萬子7 萬子8
94,East,-14706,110,0.500,13486,,0,332,0,0,筒子3 筒子5 北風 北風 | 萬子1 萬子2 萬子3 萬子7 萬子8 萬子9 筒子1 筒子1 筒子1
95,South,-6706,110,0.500,5240,,0,60,0,0,萬子3 萬子8 筒子1 筒子3 筒子4 筒子6 筒子6 筒子9 索子1 索子3 | 筒子6 筒子7 筒子8
96,South,19411,102,0.500,-8800,發 白 混一色,0,612,0,21,萬子3 萬子3 萬子4 萬子5 萬子6 北風 北風 北風 發ちゃん 發ちゃん 發ちゃん | 白ちゃん 白ちゃん 白ちゃん
97,West,2497,110,0.500,-3666,,0,340,0,0,筒子7 筒子8 索子1 索子2 索子7 東風 東風 東風 西風 北風 | 白ちゃん 白ちゃん 白ちゃん
98,South,-9010,109,0.500,7656,,0,160,0,0,萬子6 萬子7 萬子8 萬子9 筒子3 筒子4 南風 | 筒子1 筒子1 筒子1 筒子5赤ドラ 筒子6 筒子7
99,North,3669,109,0.500,-4646,,0,520,0,0,萬子1 萬子4 萬子8 筒子2 筒子6 北風 發ちゃん | 萬子9 萬子9 萬子9 筒子1 筒子1 筒子1
100,West,-35397,109,0.500,34048,,0,176,0,0,萬子7 | 萬子5 萬子6 萬子7 筒子2 筒子2 筒子2 索子2 索子3 索子4 索子6 索子6 索子6
101,South,2310,110,0.500,-3446,,0,368,0,0,萬子6 索子1 索子6 索子8 索子9 西風 北風 北風 發ちゃん 中ちゃん | 索子6 索子6 索子6
102,South,-1210,110,0.500,66,,0,352,0,0,萬子2 萬子2 萬子6 萬子6 筒子3 筒子4 筒子5 筒子7 筒子8 中ちゃん | 筒子1 筒子1 筒子1
103,North,2538,109,0.500,-3682,,0,368,0,0,萬子9 筒子3 筒子4 筒子4 筒子9 北風 北風 | 萬子3 萬子3 萬子3 索子8 索子8 索子8
104,East,-5578,110,0.500,4830,,0,760,0,0,萬子1 萬子1 索子8 中ちゃん | 萬子9 萬子9 萬子9 索子7 索子8 索子9 白ちゃん 白ちゃん 白ちゃん
105,West,-22971,110,0.500,21500,,0,24,0,0,萬子1 萬子4 萬子4 萬子5 萬子8 筒子4 筒子8 索子2 索子9 中ちゃん | 萬子6 萬子7 萬子8
106,North,1271,110,0.500,-2496,,0,304,0,0,萬子1 萬子3 筒子5 筒子5赤ドラ 索子9 索子9 索子9 東風 白ちゃん 白ちゃん | 萬子3 萬子3 萬子3
107,South,-13868,110,0.500,12620,,0,260,0,0,萬子3 萬子4 索子1 索子6 索子9 東風 東風 東風 北風 中ちゃん | 萬子7 萬子8 萬子9
108,North,1073,110,0.500,-2224,,0,380,0,0,萬子5赤ドラ 萬子7 萬子7 萬子7 萬子8 萬子8 筒子2 筒子5赤ドラ 筒子8 白ちゃん | 筒子1 筒子1 筒子1
109,North,-492,110,0.500,-666,,0,376,0,0,萬子1 萬子2 萬子2 萬子5 索子2 索子4 索子5 索子5 發ちゃん 中ちゃん | 北風 北風 北風
110,West,-16560,110,0.500,15080,,0,32,0,0,萬子7 萬子7 萬子7 筒子4 筒子7 筒子7 筒子7 筒子8 索子4 發ちゃん | 索子7 索子8 索子9
111,North,-450,110,0.500,-802,,0,256,0,0,萬子7 萬子7 索子2 索子7 索子8 西風 北風 白ちゃん 發ちゃん 發ちゃん | 萬子8 萬子8 萬子8
112,West,-3565,110,0.500,2280,,0,252,0,0,萬子9 筒子3 筒子3 索子4 索子5 索子7 索子7 索子7 索子7 中ちゃん | 萬子6 萬子7 萬子8
113,West,4130,110,0.500,-5256,,0,368,0,0,萬子1 萬子4 萬子6 筒子3 索子3 索子4 索子5赤ドラ 南風 北風 北風 | 發ちゃん 發ちゃん 發ちゃん
114,West,-3265,110,0.500,2028,,0,276,0,0,萬子5 萬子6 萬子7 筒子8 索子6 索子6 索子9 東風 北風 白ちゃん | 萬子8 萬子8 萬子8
115,West,-26363,110,0.500,24870,,0,0,0,0,萬子5 萬子6 萬子6 筒子1 筒子1 筒子3 筒子7 筒子9 發ちゃん 中ちゃん | 筒子6 筒子7 筒子8
116,South,15,110,0.500,-1228,,0,304,0,0,萬子1 筒子1 筒子1 筒子6 索子3 索子4 索子8 索子9 西風 北風 | 中ちゃん 中ちゃん 中ちゃん
117,South,-18253,110,0.500,17066,,0,352,0,0,筒子2 筒子8 索子2 東風 | 筒子1 筒子2 筒子3 筒子9 筒子9 筒子9 南風 南風 南風
118,East,-26263,110,0.500,25186,,0,432,0,0,萬子3 萬子7 索子4 南風 | 筒子4 筒子5 筒子6 索子5 索子6 索子7 中ちゃん 中ちゃん 中ちゃん
119,South,-28359,109,0.500,26860,,0,0,0,0,筒子7 索子6 索子8 索子9 北風 中ちゃん 中ちゃん | 萬子4 萬子5 萬子6 筒子2 筒子3 筒子4
120,East,7682,110,0.500,-8520,,0,692,0,0,筒子6 索子1 索子6 南風 | 筒子3 筒子4 筒子5 筒子7 筒子7 筒子7 索子3 索子3 索子3
121,West,-10485,109,0.500,9412,,0,424,0,0,萬子2 萬子3 萬子5 萬子7 索子6 索子8 索子9 | 筒子1 筒子1 筒子1 索子2 索子3 索子4
122,North,6883,109,0.500,-7900,,0,468,0,0,萬子1 萬子1 萬子2 萬子2 萬子2 萬子2 萬子3 索子3 索子4 索子7 西風 中ちゃん 中ちゃん | 
123,North,437,110,0.500,-1410,,0,588,0,0,萬子6 筒子8 筒子9 發ちゃん | 萬子6 萬子7 萬子8 南風 南風 南風 北風 北風 北風
124,East,2591,110,0.500,-3694,,0,408,0,0,萬子4 萬子4 萬子5 萬子9 萬子9 筒子2 索子6 索子7 白ちゃん 中ちゃん | 索子5 索子5 索子5
125,West,-6225,109,0.500,4800,,0,60,0,0,筒子3 筒子5 筒子6 索子3 索子7 索子8 索子9 索子9 索子9 東風 北風 北風 白ちゃん | 
126,South,2903,110,0.500,-3826,,0,576,0,0,萬子2 萬子2 筒子1 筒子2 索子6 索子9 南風 西風 西風 中ちゃん | 北風 北風 北風
127,South,2687,109,0.500,-3800,,0,400,0,0,萬子9 筒子3 筒子4 筒子6 筒子8 索子8 白ちゃん | 北風 北風 北風 白ちゃん 白ちゃん 白ちゃん
128,North,2297,110,0.500,-3364,,0,424,0,0,萬子6 萬子7 萬子7 萬子9 索子9 索子9 東風 東風 西風 白ちゃん | 發ちゃん 發ちゃん 發ちゃん
129,South,-153,110,0.500,-1106,,0,260,0,0,萬子9 筒子5 筒子7 索子7 東風 東風 北風 北風 白ちゃん 發ちゃん | 筒子2 筒子2 筒子2
130,South,-4920,109,0.500,3740,,0,320,0,0,萬子7 萬子7 萬子9 萬子9 筒子4 筒子4 筒子6 | 筒子6 筒子7 筒子8 索子3 索子3 索子3
131,West,1450,110,0.500,-2572,,0,416,0,0,索子5 東風 南風 南風 南風 南風 西風 北風 北風 北風 | 發ちゃん 發ちゃん 發ちゃん
132,North,-2521,109,0.500,1300,,0,264,0,0,萬子2 萬子2 萬子2 萬子4 萬子4 萬子4 萬子5 萬子5 萬子5 南風 白ちゃん 白ちゃん 發ちゃん | 
133,East,2994,110,0.500,-4044,,0,436,0,0,萬子8 筒子9 筒子9 筒子9 索子3 索子7 南風 北風 北風 發ちゃん | 索子4 索子4 索子4
134,South,7023,110,0.500,-7970,,0,548,0,0,萬子1 索子3 索子3 索子5赤ドラ 索子5 索子6 索子7 東風 東風 東風 | 北風 北風 北風
135,North,4322,110,0.500,-5412,,0,408,0,0,萬子1 萬子2 萬子2 萬子4 萬子5 萬子6 索子7 西風 白ちゃん 中ちゃん | 北風 北風 北風
136,South,1717,110,0.500,-3102,,0,148,0,0,筒子7 筒子7 筒子8 筒子9 索子1 索子1 索子1 白ちゃん 白ちゃん 中ちゃん | 南風 南風 南風
137,South,-25157,110,0.500,23800,,0,128,0,0,萬子8 萬子9 筒子8 筒子9 筒子9 索子5 東風 北風 中ちゃん 中ちゃん | 索子6 索子7 索子8
138,West,-4884,110,0.500,3758,,0,392,0,0,萬子8 筒子3 筒子7 索子2 索子4 索子5 索子6 索子9 東風 北風 | 白ちゃん 白ちゃん 白ちゃん
139,South,-16221,109,0.500,15056,,0,324,0,0,萬子4 萬子9 萬子9 萬子9 筒子4 筒子5 北風 | 萬子2 萬子2 萬子2 索子5 索子6 索子7
140,East,3357,110,0.500,-4442,,0,408,0,0,萬子5 筒子5 筒子6 筒子7 索子2 索子3 索子4 索子5赤ドラ 索子9 東風 | 白ちゃん 白ちゃん 白ちゃん
141,West,-14040,109,0.500,12848,,0,312,0,0,萬子5 萬子6 萬子8 筒子5 索子4 西風 發ちゃん | 萬子2 萬子3 萬子4 筒子9 筒子9 筒子9
142,South,-31964,109,0.500,30470,,0,0,0,0,萬子1 筒子3 筒子4 索子4 南風 南風 西風 | 筒子4 筒子5赤ドラ 筒子6 筒子6 筒子7 筒子8
143,East,-2051,110,0.500,842,,0,328,0,0,萬子1 筒子1 索子7 索子7 南風 西風 北風 北風 發ちゃん 中ちゃん | 東風 東風 東風
144,North,1340,110,0.500,-2486,,0,368,0,0,萬子9 筒子1 筒子3 筒子9 索子1 索子3 索子6 索子7 索子9 西風 | 筒子7 筒子7 筒子7
145,East,6944,110,0.500,-8152,,0,300,0,0,萬子2 萬子4 萬子4 萬子6 萬子9 索子2 東風 白ちゃん 白ちゃん 白ちゃん | 北風 北風 北風
146,West,-3029,109,0.500,1700,,0,156,0,0,萬子9 筒子2 筒子2 筒子4 筒子9 索子8 索子9 索子9 北風 北風 北風 北風 中ちゃん | 
147,South,6272,110,0.500,-7118,,0,656,0,0,萬子4 萬子6 萬子7 筒子1 筒子1 筒子2 筒子2 索子3 白ちゃん 發ちゃん | 萬子5赤ドラ 萬子5 萬子5
148,West,-22104,110,0.500,20640,,0,32,0,0,萬子3 萬子7 筒子6 筒子9 筒子9 索子1 索子3 索子3 索子4 中ちゃん | 索子4 索子5赤ドラ 索子6
149,West,15998,58,0.500,-5700,西 七対子,0,104,0,22,萬子8 萬子8 筒子1 筒子1 南風 南風 西風 西風 西風 西風 北風 北風 白ちゃん 白ちゃん | 
150,West,-7582,110,0.500,6210,,0,152,0,0,萬子1 筒子1 筒子1 筒子3 筒子6 筒子6 筒子9 索子3 白ちゃん 發ちゃん | 筒子3 筒子4 筒子5
151,West,-15008,110,0.500,13820,,0,320,0,0,萬子1 萬子1 筒子8 索子3 索子4 索子6 索子6 東風 北風 白ちゃん | 索子3 索子4 索子5
152,East,-1839,109,0.500,450,,0,96,0,0,萬子5 萬子5 萬子9 筒子4 筒子6 筒子9 筒子9 索子4 索子7 南風 西風 北風 中ちゃん | 
153,South,-20236,109,0.500,18940,,0,200,0,0,萬子5 筒子9 索子8 南風 北風 白ちゃん 白ちゃん | 萬子3 萬子4 萬子5 索子8 索子8 索子8
154,South,-1243,109,0.500,-50,,0,192,0,0,萬子6 萬子8 筒子4 筒子5 筒子9 索子2 索子5 東風 南風 南風 發ちゃん 中ちゃん 中ちゃん | 
155,East,-45317,109,0.500,43830,,0,0,0,0,萬子1 筒子4 筒子5 索子7 索子7 索子8 中ちゃん | 筒子7 筒子8 筒子9 索子1 索子2 索子3
156,East,3649,109,0.500,-4750,,0,384,0,0,萬子1 筒子6 筒子7 索子4 索子6 索子8 索子8 索子9 東風 北風 發ちゃん 中ちゃん 中ちゃん | 
157,West,12747,110,0.500,-13398,,0,888,0,0,萬子1 筒子3 東風 發ちゃん | 萬子5赤ドラ 萬子5 萬子5 西風 西風 西風 白ちゃん 白ちゃん 白ちゃん
158,West,-38496,109,0.500,37070,,0,72,0,0,萬子2 萬子4 萬子6 萬子8 筒子8 索子6 索子9 | 筒子5 筒子6 筒子7 索子5赤ドラ 索子6 索子7
159,North,12104,109,0.500,-12984,,0,636,0,0,萬子8 萬子9 筒子2 筒子5 東風 東風 中ちゃん | 南風 南風 南風 北風 北風 北風
160,East,-1038,109,0.500,166,,0,624,0,0,萬子2 筒子9 索子2 索子6 索子9 索子9 白ちゃん | 筒子1 筒子2 筒子3 東風 東風 東風
161,South,7198,109,0.500,-8086,,0,608,0,0,萬子6 萬子8 筒子7 索子2 東風 白ちゃん 發ちゃん | 萬子5 萬子5赤ドラ 萬子5 筒子9 筒子9 筒子9
162,West,-9137,110,0.500,8164,,0,568,0,0,萬子6 筒子8 白ちゃん 白ちゃん | 筒子6 筒子7 筒子8 索子9 索子9 索子9 中ちゃん 中ちゃん 中ちゃん
163,East,-14426,110,0.500,13164,,0,288,0,0,萬子8 筒子2 筒子4 發ちゃん | 萬子9 萬子9 萬子9 筒子3 筒子3 筒子3 索子5 索子6 索子7
164,East,-39471,109,0.500,38130,,0,148,0,0,萬子3 筒子5 索子4 索子4 索子6 索子6 發ちゃん | 筒子7 筒子8 筒子9 索子3 索子4 索子5赤ドラ
165,North,10630,109,0.500,-11302,,0,828,0,0,筒子4 筒子4 筒子4 筒子9 索子1 索子1 索子1 | 索子6 索子6 索子6 西風 西風 西風
166,North,6037,109,0.500,-7150,,0,392,0,0,萬子9 筒子2 索子1 索子4 西風 北風 發ちゃん | 萬子6 萬子7 萬子8 北風 北風 北風
167,East,10728,109,0.500,-11656,,0,572,0,0,萬子1 筒子2 筒子2 筒子4 索子3 索子4 中ちゃん | 索子1 索子1 索子1 東風 東風 東風
168,East,1157,110,0.500,-2400,,0,272,0,0,萬子1 萬子9 筒子5 筒子7 筒子7 索子4 索子9 南風 西風 白ちゃん | 萬子3 萬子3 萬子3
169,South,-24957,110,0.500,23520,,0,56,0,0,筒子6 筒子8 索子2 索子2 索子4 索子6 索子7 索子8 東風 南風 | 筒子3 筒子4 筒子5
170,North,-8103,109,0.500,6910,,0,312,0,0,萬子7 筒子8 索子1 索子1 索子8 北風 白ちゃん | 索子4 索子5 索子6 西風 西風 西風
171,West,6225,110,0.500,-7042,,0,676,0,0,萬子4 萬子7 萬子7 萬子7 筒子4 索子2 索子7 東風 白ちゃん 發ちゃん | 索子1 索子1 索子1
172,South,-1419,109,0.500,262,,0,360,0,0,萬子7 筒子4 筒子5 索子1 索子2 索子3 發ちゃん | 萬子5赤ドラ 萬子6 萬子7 白ちゃん 白ちゃん 白ちゃん
173,East,-16148,110,0.500,14670,,0,40,0,0,萬子3 萬子9 筒子1 筒子6 筒子8 筒子9 索子1 發ちゃん 發ちゃん 中ちゃん | 索子4 索子5赤ドラ 索子6
174,South,-13340,109,0.500,12106,,0,272,0,0,萬子1 萬子1 筒子5赤ドラ 筒子7 索子3 索子6 東風 | 索子7 索子8 索子9 白ちゃん 白ちゃん 白ちゃん
175,South,-15762,109,0.500,14438,,0,176,0,0,萬子1 筒子3 筒子3 索子1 索子6 索子7 白ちゃん | 索子4 索子5 索子6 白ちゃん 白ちゃん 白ちゃん
176,West,-9730,109,0.500,8524,,0,296,0,0,萬子5赤ドラ 萬子7 筒子8 索子1 索子6 索子6 索子7 | 萬子6 萬子7 萬子8 索子5赤ドラ 索子5 索子5
177,West,-26711,110,0.500,25280,,0,56,0,0,筒子5 筒子7 筒子8 索子1 索子2 索子3 索子3 索子5 索子9 西風 | 筒子3 筒子4 筒子5
178,West,1109,110,0.500,-1988,,0,628,0,0,萬子5 萬子8 索子2 索子5 索子7 發ちゃん 中ちゃん 中ちゃん 中ちゃん 中ちゃん | 筒子4 筒子4 筒子4
179,South,-20236,109,0.500,19096,,0,352,0,0,萬子3 萬子5 筒子2 筒子3 索子1 索子2 索子9 | 萬子8 萬子8 萬子8 筒子5赤ドラ 筒子6 筒子7
180,East,2111,109,0.500,-3308,,0,320,0,0,萬子5赤ドラ 萬子6 萬子6 筒子5 索子3 北風 中ちゃん | 萬子9 萬子9 萬子9 筒子4 筒子4 筒子4
181,South,-22160,109,0.500,25676,,0,512,0,15,索子8 | 索子5赤ドラ 索子6 索子6 索子7 索子7 索子8 白ちゃん 白ちゃん 白ちゃん 中ちゃん 中ちゃん 中ちゃん
182,East,9844,110,0.500,-10600,,0,788,0,0,萬子9 筒子8 索子4 索子9 | 萬子4 萬子4 萬子4 萬子8 萬子8 萬子8 萬子9 萬子9 萬子9
183,East,-24141,109,0.500,22750,,0,112,0,0,萬子2 萬子3 筒子7 東風 南風 南風 白ちゃん | 萬子1 萬子2 萬子3 索子2 索子3 索子4
184,South,175,110,0.500,-1408,,0,304,0,0,萬子5 索子1 索子2 索子2 索子8 南風 南風 發ちゃん 發ちゃん 中ちゃん | 索子4 索子4 索子4
185,South,15071,110,0.500,-15384,,0,1200,0,0,萬子7 索子6 索子9 白ちゃん | 索子9 索子9 索子9 北風 北風 北風 發ちゃん 發ちゃん 發ちゃん
186,East,10581,109,0.500,-10198,,0,1036,0,3,中ちゃん | 西風 西風 西風 北風 北風 北風 白ちゃん 白ちゃん 白ちゃん 發ちゃん 發ちゃん 發ちゃん
187,East,3553,110,0.500,-4654,,0,400,0,0,萬子7 萬子9 萬子9 筒子4 筒子4 筒子6 索子8 索子9 西風 發ちゃん | 筒子7 筒子7 筒子7
188,South,2415,109,0.500,-3086,,0,828,0,0,索子8 索子9 南風 北風 北風 北風 白ちゃん | 筒子5赤ドラ 筒子6 筒子7 西風 西風 西風
189,West,1958,109,0.500,-3016,,0,448,0,0,萬子7 筒子3 筒子9 索子4 索子6 索子8 中ちゃん | 萬子6 萬子6 萬子6 中ちゃん 中ちゃん 中ちゃん
190,South,-379,109,0.500,-628,,0,480,0,0,萬子3 萬子6 萬子9 筒子1 筒子2 發ちゃん 中ちゃん | 索子2 索子2 索子2 索子4 索子5 索子6
191,East,-451,109,0.500,-924,,0,160,0,0,萬子4 萬子7 萬子8 萬子8 筒子8 索子5 南風 | 西風 西風 西風 中ちゃん 中ちゃん 中ちゃん
192,West,6087,109,0.500,-7022,,0,564,0,0,萬子3 索子5 東風 東風 西風 西風 白ちゃん | 萬子4 萬子4 萬子4 南風 南風 南風
193,East,-18320,109,0.500,17156,,0,324,0,0,筒子1 筒子1 索子2 索子2 索子2 索子6 西風 | 索子1 索子2 索子3 發ちゃん 發ちゃん 發ちゃん
194,East,-6232,110,0.500,5170,,0,456,0,0,萬子3 萬子6 萬子6 筒子1 索子8 索子9 南風 北風 白ちゃん 白ちゃん | 萬子3 萬子4 萬子5
195,West,10274,110,0.500,-11080,,0,704,0,0,萬子2 萬子7 萬子7 萬子8 筒子2 筒子2 筒子2 筒子2 發ちゃん 中ちゃん | 發ちゃん 發ちゃん 發ちゃん
196,East,-5835,109,0.500,4350,,0,0,0,0,萬子5 萬子5 筒子2 筒子3 索子1 索子1 索子4 索子9 索子9 東風 西風 發ちゃん 發ちゃん | 
197,East,13486,109,0.500,-14268,,0,708,0,0,筒子6 筒子7 索子5 索子9 南風 中ちゃん 中ちゃん | 筒子4 筒子4 筒子4 白ちゃん 白ちゃん 白ちゃん
198,East,-5007,110,0.500,3900,,0,452,0,0,萬子3 筒子4 筒子6 索子6 | 萬子5 萬子6 萬子7 白ちゃん 白ちゃん 白ちゃん 中ちゃん 中ちゃん 中ちゃん
199,North,723,109,0.500,-1918,,0,308,0,0,萬子6 萬子6 萬子8 筒子1 筒子1 筒子2 索子2 | 萬子7 萬子7 萬子7 索子1 索子1 索子1
200,North,17695,110,0.500,-18134,,0,1088,0,0,萬子2 萬子5 筒子7 白ちゃん | 萬子4 萬子4 萬子4 萬子7 萬子7 萬子7 筒子2 筒子2 筒子2
201,North,-8825,110,0.500,7380,,0,72,0,0,萬子5 索子1 索子8 索子9 東風 西風 北風 發ちゃん 發ちゃん 中ちゃん | 索子6 索子7 索子8
202,South,6666,109,0.500,-7492,,0,664,0,0,萬子9 筒子1 南風 南風 北風 白ちゃん 發ちゃん | 索子2 索子2 索子2 東風 東風 東風
203,North,-7185,109,0.500,5700,,0,0,0,0,萬子8 筒子1 筒子2 筒子2 筒子5 索子6 索子8 索子8 東風 南風 發ちゃん 發ちゃん 中ちゃん | 
204,West,-7415,109,0.500,6050,,0,120,0,0,萬子2 萬子2 萬子4 萬子7 萬子8 筒子3 索子3 索子7 西風 西風 北風 白ちゃん 中ちゃん | 
205,East,5712,110,0.500,-6650,,0,552,0,0,萬子1 萬子1 萬子2 萬子3 萬子5 萬子5 筒子4 索子9 南風 白ちゃん | 萬子4 萬子4 萬子4
206,North,-3764,110,0.500,2378,,0,152,0,0,萬子4 筒子3 筒子5 筒子5赤ドラ 筒子9 索子4 索子4 索子7 索子9 西風 | 索子3 索子3 索子3
207,East,4293,109,0.500,-5372,,0,416,0,0,萬子1 萬子5 西風 北風 北風 白ちゃん 發ちゃん | 索子6 索子6 索子6 索子7 索子7 索子7
208,South,1251,110,0.500,-2550,,0,216,0,0,萬子7 筒子1 索子2 索子3 東風 南風 南風 白ちゃん 白ちゃん 發ちゃん | 北風 北風 北風
209,North,9826,110,0.500,-10618,,0,752,0,0,萬子9 筒子4 白ちゃん 中ちゃん | 萬子5赤ドラ 萬子5 萬子5 萬子8 萬子8 萬子8 索子1 索子1 索子1
210,East,-2187,110,0.500,866,,0,200,0,0,萬子2 萬子3 萬子3 萬子9 筒子1 南風 北風 白ちゃん 中ちゃん 中ちゃん | 索子9 索子9 索子9
211,North,-10285,109,0.500,8800,,0,0,0,0,萬子9 筒子1 筒子1 筒子4 筒子9 筒子9 索子1 索子4 索子8 北風 白ちゃん 白ちゃん 中ちゃん | 
212,West,3738,109,0.500,-4714,,0,520,0,0,萬子2 萬子2 索子9 南風 西風 白ちゃん 中ちゃん | 索子7 索子8 索子9 南風 南風 南風
213,South,-12234,109,0.500,11246,,0,504,0,0,萬子1 萬子1 萬子8 萬子8 筒子2 索子2 索子7 | 索子7 索子8 索子9 北風 北風 北風
214,North,-681,109,0.500,-400,,0,404,0,0,萬子4 萬子4 萬子5 萬子5 萬子9 索子5 索子8 索子8 南風 發ちゃん 中ちゃん 中ちゃん 中ちゃん | 
215,East,-4229,109,0.500,2900,,0,156,0,0,萬子5 筒子7 筒子8 索子6 索子7 索子8 索子9 南風 南風 北風 北風 北風 中ちゃん | 
216,West,5855,110,0.500,-6726,,0,628,0,0,萬子3 筒子1 索子8 索子9 索子9 索子9 南風 南風 南風 中ちゃん | 萬子1 萬子1 萬子1
217,North,-627,110,0.500,-646,,0,256,0,0,萬子4 筒子4 筒子5赤ドラ 筒子5 筒子7 筒子8 索子4 西風 西風 北風 | 索子3 索子3 索子3
218,South,2943,109,0.500,-3950,,0,496,0,0,萬子9 筒子4 筒子4 筒子4 南風 北風 白ちゃん | 筒子9 筒子9 筒子9 發ちゃん 發ちゃん 發ちゃん
219,South,-17880,110,0.500,16700,,0,320,0,0,萬子3 萬子6 筒子1 筒子1 筒子4 筒子7 筒子9 索子4 西風 北風 | 索子4 索子5赤ドラ 索子6
220,West,3645,109,0.500,-4570,,0,560,0,0,萬子2 筒子8 索子2 南風 北風 白ちゃん 發ちゃん | 筒子1 筒子1 筒子1 中ちゃん 中ちゃん 中ちゃん
221,East,968,110,0.500,-2244,,0,260,0,0,萬子6 筒子2 筒子3 索子7 索子7 索子7 東風 西風 西風 白ちゃん | 索子9 索子9 索子9
222,North,-23301,110,0.500,21906,,0,152,0,0,筒子6 筒子8 東風 北風 | 萬子5 萬子6 萬子7 索子4 索子4 索子4 白ちゃん 白ちゃん 白ちゃん
223,North,7968,109,0.500,-8940,,0,520,0,0,筒子4 筒子6 筒子9 索子6 東風 西風 北風 | 萬子8 萬子8 萬子8 東風 東風 東風
224,South,2145,109,0.500,-3350,,0,280,0,0,萬子8 筒子2 筒子4 筒子5 筒子7 筒子9 索子2 索子2 索子2 北風 發ちゃん 發ちゃん 發ちゃん | 
225,South,15661,109,0.500,-16350,,0,800,0,0,萬子6 索子4 索子9 索子9 北風 發ちゃん 發ちゃん | 萬子1 萬子1 萬子1 索子8 索子8 索子8
226,South,-884,110,0.500,80,,0,720,0,0,筒子8 索子5 北風 發ちゃん | 萬子8 萬子8 萬子8 筒子4 筒子5 筒子6 白ちゃん 白ちゃん 白ちゃん
227,North,3676,110,0.500,-4796,,0,384,0,0,萬子2 萬子3 筒子8 索子2 索子3 索子4 索子7 索子9 南風 南風 | 萬子1 萬子1 萬子1
228,East,10607,109,0.500,-11362,,0,736,0,0,萬子8 筒子8 筒子9 索子1 索子7 北風 中ちゃん | 筒子7 筒子7 筒子7 索子8 索子8 索子8
229,North,-27624,109,0.500,26180,,0,48,0,0,筒子4 索子2 索子4 索子5赤ドラ 索子7 南風 中ちゃん | 筒子2 筒子3 筒子4 筒子5 筒子6 筒子7
230,South,-4827,109,0.500,3350,,0,8,0,0,筒子9 筒子9 索子1 索子1 索子5 索子9 索子9 東風 東風 西風 北風 發ちゃん 中ちゃん | 
231,North,11369,109,0.500,-12054,,0,804,0,0,萬子1 萬子1 索子3 索子9 西風 西風 北風 | 索子1 索子1 索子1 南風 南風 南風
232,North,-14587,110,0.500,13720,,0,640,0,0,萬子6 萬子6 筒子1 發ちゃん | 萬子8 萬子8 萬子8 筒子7 筒子7 筒子7 索子5赤ドラ 索子6 索子7
233,East,5280,100,0.500,-1588,混一色,0,744,0,4,白ちゃん 白ちゃん | 索子5 索子5 索子5 索子6 索子7 索子7 索子8 索子8 索子9 索子9 索子9 索子9
234,West,-34126,109,0.500,32620,,0,0,0,0,萬子5赤ドラ 萬子7 索子2 索子4 西風 北風 白ちゃん | 萬子4 萬子5 萬子6 索子1 索子2 索子3
235,North,4743,109,0.500,-5822,,0,432,0,0,萬子5 萬子5 萬子6 萬子6 萬子7 筒子6 筒子9 | 索子6 索子6 索子6 發ちゃん 發ちゃん 發ちゃん
236,North,-8511,109,0.500,7050,,0,24,0,0,萬子4 筒子2 東風 東風 南風 西風 西風 北風 北風 白ちゃん 發ちゃん 中ちゃん 中ちゃん | 
237,South,11830,109,0.500,-12622,,0,704,0,0,筒子2 索子8 索子8 東風 西風 西風 中ちゃん | 萬子7 萬子7 萬子7 白ちゃん 白ちゃん 白ちゃん
238,West,2986,110,0.500,-4056,,0,424,0,0,萬子8 萬子9 筒子4 索子3 索子8 索子8 南風 南風 中ちゃん 中ちゃん | 發ちゃん 發ちゃん 發ちゃん
239,South,-4504,109,0.500,3172,,0,192,0,0,筒子2 筒子5 筒子6 筒子7 索子2 西風 西風 | 筒子9 筒子9 筒子9 索子6 索子6 索子6
240,East,1004,109,0.500,-1976,,0,536,0,0,萬子1 萬子7 筒子8 索子5赤ドラ 北風 北風 白ちゃん | 筒子2 筒子2 筒子2 西風 西風 西風
241,West,772,109,0.500,-2046,,0,240,0,0,萬子3 筒子1 筒子8 索子9 北風 白ちゃん 發ちゃん | 萬子1 萬子2 萬子3 索子4 索子4 索子4
242,South,11551,109,0.500,-12182,,0,860,0,0,萬子2 萬子3 萬子9 筒子6 索子4 北風 中ちゃん | 南風 南風 南風 西風 西風 西風
243,East,-10191,109,0.500,9314,,0,612,0,0,索子4 索子5赤ドラ 索子7 索子7 索子9 北風 發ちゃん | 索子7 索子8 索子9 西風 西風 西風
244,East,-4635,109,0.500,3350,,0,200,0,0,萬子3 萬子4 索子6 索子6 索子7 索子7 索子8 東風 南風 西風 白ちゃん 發ちゃん 中ちゃん | 
245,North,6700,109,0.500,-7458,,0,736,0,0,萬子6 萬子9 筒子5 筒子8 索子8 東風 北風 | 索子9 索子9 索子9 西風 西風 西風
246,East,-10328,109,0.500,9234,,0,400,0,0,萬子7 萬子7 萬子8 筒子2 筒子3 筒子9 西風 | 萬子1 萬子1 萬子1 索子6 索子7 索子8
247,West,-16784,109,0.500,15530,,0,240,0,0,萬子6 筒子8 索子3 索子3 索子6 索子7 西風 | 筒子5赤ドラ 筒子6 筒子7 白ちゃん 白ちゃん 白ちゃん
248,South,3929,109,0.500,-5070,,0,360,0,0,萬子3 萬子4 萬子5赤ドラ 索子8 白ちゃん 發ちゃん 中ちゃん | 萬子2 萬子2 萬子2 南風 南風 南風
249,North,-27102,109,0.500,25734,,0,120,0,0,萬子6 萬子7 萬子7 索子4 索子8 索子9 發ちゃん | 萬子2 萬子3 萬子4 索子3 索子3 索子3
250,North,9352,109,0.500,-10174,,0,672,0,0,萬子6 萬子7 萬子7 筒子3 筒子3 索子4 南風 | 筒子5 筒子5 筒子5赤ドラ 索子9 索子9 索子9
251,West,8385,110,0.500,-9430,,0,440,0,0,筒子3 筒子9 索子4 索子4 索子8 東風 東風 西風 白ちゃん 中ちゃん | 筒子7 筒子7 筒子7
252,North,-2995,110,0.500,1554,,0,88,0,0,萬子1 萬子8 筒子7 南風 南風 北風 白ちゃん 白ちゃん 發ちゃん 中ちゃん | 西風 西風 西風
253,East,-2469,110,0.500,1666,,0,712,0,0,萬子2 萬子2 萬子5 筒子6 | 萬子3 萬子3 萬子3 萬子6 萬子7 萬子8 發ちゃん 發ちゃん 發ちゃん
254,South,33581,97,0.500,-19730,対々和,0,1200,0,36,筒子9 筒子9 筒子9 索子7 索子7 | 萬子1 萬子1 萬子1 萬子4 萬子4 萬子4 索子4 索子4 索子4
255,South,10500,110,0.500,-11290,,0,764,0,0,萬子1 萬子9 索子4 中ちゃん | 筒子7 筒子7 筒子7 索子6 索子6 索子6 索子8 索子8 索子8
256,South,4090,109,0.500,-5032,,0,564,0,0,筒子1 筒子2 筒子5 筒子9 筒子9 索子7 西風 | 索子9 索子9 索子9 中ちゃん 中ちゃん 中ちゃん
257,South,-24265,109,0.500,23042,,0,264,0,0,萬子1 萬子6 索子4 西風 白ちゃん 中ちゃん 中ちゃん | 筒子2 筒子2 筒子2 索子1 索子2 索子3
258,North,-490,109,0.500,-732,,0,296,0,0,萬子6 萬子8 索子6 西風 白ちゃん 發ちゃん 中ちゃん | 索子6 索子6 索子6 索子7 索子7 索子7
259,West,5811,110,0.500,-6938,,0,380,0,0,萬子6 萬子6 筒子9 筒子9 索子8 南風 西風 白ちゃん 白ちゃん 中ちゃん | 南風 南風 南風
260,East,6651,110,0.500,-7530,,0,664,0,0,萬子4 萬子8 索子1 南風 | 萬子3 萬子3 萬子3 萬子9 萬子9 萬子9 筒子8 筒子8 筒子8
261,East,9088,110,0.500,-10050,,0,528,0,0,萬子2 萬子2 萬子3 萬子5 筒子8 索子6 索子7 南風 北風 白ちゃん | 萬子3 萬子3 萬子3
262,East,1976,110,0.500,-3188,,0,320,0,0,萬子1 萬子1 萬子3 萬子5 索子1 索子3 索子5赤ドラ 索子6 白ちゃん 發ちゃん | 東風 東風 東風
263,West,8785,110,0.500,-9676,,0,608,0,0,萬子4 萬子7 索子3 索子4 索子5赤ドラ 索子8 西風 西風 發ちゃん 中ちゃん | 萬子1 萬子1 萬子1
264,East,4010,110,0.500,-4980,,0,540,0,0,萬子3 萬子3 萬子3 萬子8 萬子8 萬子8 索子2 索子3 北風 北風 | 南風 南風 南風
265,West,-39584,109,0.500,38120,,0,24,0,0,索子3 索子6 南風 南風 發ちゃん 發ちゃん 中ちゃん | 筒子2 筒子3 筒子4 索子3 索子4 索子5
266,East,-18925,109,0.500,17690,,0,264,0,0,萬子7 索子1 索子4 索子7 白ちゃん 白ちゃん 發ちゃん | 萬子3 萬子4 萬子5 西風 西風 西風
267,South,9537,110,0.500,-10454,,0,584,0,0,筒子1 索子1 索子4 索子4 索子6 索子9 東風 東風 西風 發ちゃん | 萬子5 萬子5 萬子5赤ドラ
268,West,3531,109,0.500,-4600,,0,416,0,0,萬子4 萬子8 萬子9 萬子9 筒子5 筒子8 索子1 南風 西風 西風 發ちゃん 發ちゃん 中ちゃん | 
269,West,1738,110,0.500,-2662,,0,616,0,0,萬子6 萬子9 索子4 東風 | 萬子2 萬子3 萬子4 萬子9 萬子9 萬子9 筒子5 筒子5赤ドラ 筒子5
270,North,-15006,109,0.500,13822,,0,312,0,0,萬子4 筒子2 筒子9 索子2 索子5 索子6 索子8 | 索子2 索子3 索子4 中ちゃん 中ちゃん 中ちゃん
271,West,5927,109,0.500,-6870,,0,560,0,0,筒子7 筒子8 索子9 索子9 南風 南風 北風 | 筒子9 筒子9 筒子9 索子7 索子7 索子7
272,North,-6559,109,0.500,5370,,0,316,0,0,萬子1 萬子3 萬子9 萬子9 索子3 西風 北風 | 索子6 索子6 索子6 索子7 索子8 索子9
273,East,-4465,110,0.500,3060,,0,120,0,0,萬子3 萬子6 筒子2 筒子5 索子3 索子5 索子8 索子9 白ちゃん 白ちゃん | 南風 南風 南風
274,North,6275,110,0.500,-7248,,0,524,0,0,萬子7 萬子7 筒子1 筒子2 東風 南風 白ちゃん 中ちゃん 中ちゃん 中ちゃん | 北風 北風 北風
275,South,-11152,110,0.500,9950,,0,308,0,0,萬子2 萬子9 筒子2 索子3 索子7 索子7 索子7 索子8 東風 中ちゃん | 索子6 索子7 索子8
276,North,2690,109,0.500,-3792,,0,392,0,0,筒子9 索子1 索子3 索子5 南風 北風 白ちゃん | 筒子3 筒子3 筒子3 索子1 索子1 索子1
277,East,-19706,110,0.500,18400,,0,184,0,0,萬子9 索子3 索子8 索子9 索子9 東風 南風 發ちゃん 中ちゃん 中ちゃん | 索子6 索子7 索子8
278,South,1231,110,0.500,-2270,,0,456,0,0,萬子1 萬子4 萬子5赤ドラ 索子5 索子7 索子7 索子8 索子9 北風 北風 | 西風 西風 西風
279,South,2070,110,0.500,-3056,,0,508,0,0,萬子2 萬子2 萬子9 索子5赤ドラ 索子5 索子5 索子8 南風 北風 發ちゃん | 筒子3 筒子3 筒子3
280,East,-25699,110,0.500,24210,,0,0,0,0,萬子1 萬子1 萬子5 萬子9 萬子9 筒子3 筒子8 北風 發ちゃん 發ちゃん | 筒子4 筒子5 筒子6
281,West,-1847,110,0.500,576,,0,260,0,0,萬子1 萬子1 萬子1 萬子2 萬子2 萬子4 索子8 索子9 西風 北風 | 萬子3 萬子3 萬子3
282,East,7745,109,0.500,-8624,,0,608,0,0,萬子4 筒子8 索子7 南風 南風 西風 發ちゃん | 筒子9 筒子9 筒子9 中ちゃん 中ちゃん 中ちゃん
283,South,7888,110,0.500,-8894,,0,480,0,0,萬子2 萬子2 萬子3 萬子4 萬子7 萬子7 索子9 東風 發ちゃん 中ちゃん | 白ちゃん 白ちゃん 白ちゃん
284,East,-30867,110,0.500,29380,,0,0,0,0,萬子3 萬子4 筒子7 索子2 索子6 索子7 索子9 南風 發ちゃん 中ちゃん | 筒子2 筒子3 筒子4
285,West,-339,109,0.500,-846,,0,320,0,0,萬子3 萬子3 索子1 西風 白ちゃん 中ちゃん 中ちゃん | 萬子2 萬子2 萬子2 索子9 索子9 索子9
286,East,6490,109,0.500,-7330,,0,652,0,0,筒子4 索子2 索子2 索子9 索子9 東風 西風 | 筒子8 筒子8 筒子8 索子7 索子7 索子7
287,East,3110,110,0.500,-4200,,0,400,0,0,筒子7 筒子7 索子1 索子1 索子2 索子4 西風 北風 北風 白ちゃん | 筒子9 筒子9 筒子9
288,North,14951,110,0.500,-15474,,0,1008,0,0,萬子6 索子3 索子7 南風 | 筒子6 筒子6 筒子6 筒子9 筒子9 筒子9 索子6 索子6 索子6
289,North,15899,110,0.500,-16354,,0,1080,0,0,筒子7 索子2 南風 發ちゃん | 萬子3 萬子3 萬子3 萬子4 萬子4 萬子4 索子7 索子7 索子7
290,South,-23726,110,0.500,22260,,0,28,0,0,萬子5 索子5 索子5 北風 北風 白ちゃん 白ちゃん 白ちゃん 發ちゃん 中ちゃん | 索子7 索子8 索子9
291,West,-24967,109,0.500,23544,,0,64,0,0,萬子2 萬子4 筒子6 索子1 西風 發ちゃん 發ちゃん | 筒子7 筒子8 筒子9 索子6 索子6 索子6
292,East,13947,109,0.500,-14676,,0,760,0,0,筒子9 筒子9 索子2 索子9 南風 白ちゃん 發ちゃん | 萬子5 萬子5 萬子5赤ドラ 筒子2 筒子2 筒子2
293,North,4780,110,0.500,-5828,,0,444,0,0,索子2 索子2 索子8 索子8 索子8 索子9 西風 西風 西風 發ちゃん | 筒子8 筒子8 筒子8
294,North,3,109,0.500,-1058,,0,432,0,0,萬子1 萬子5 索子6 東風 東風 南風 發ちゃん | 索子1 索子2 索子3 西風 西風 西風
295,South,8979,110,0.500,-9796,,0,712,0,0,萬子8 筒子1 筒子5 筒子5赤ドラ 索子7 索子9 南風 南風 南風 北風 | 中ちゃん 中ちゃん 中ちゃん
296,West,-7687,109,0.500,6250,,0,48,0,0,萬子3 萬子8 筒子8 筒子8 索子3 索子5 索子5 索子6 北風 白ちゃん 白ちゃん 中ちゃん 中ちゃん | 
297,West,6758,109,0.500,-7650,,0,600,0,0,筒子2 筒子3 索子4 索子4 索子8 中ちゃん 中ちゃん | 萬子9 萬子9 萬子9 白ちゃん 白ちゃん 白ちゃん
298,West,6511,110,0.500,-7470,,0,536,0,0,筒子2 筒子8 索子4 索子5 索子6 西風 西風 北風 北風 白ちゃん | 萬子3 萬子3 萬子3
299,West,-10587,110,0.500,9260,,0,192,0,0,萬子5 筒子1 筒子3 筒子4 筒子5赤ドラ 筒子7 索子7 北風 北風 中ちゃん | 萬子5赤ドラ 萬子6 萬子7
300,East,3549,110,0.500,-4666,,0,392,0,0,萬子1 萬子3 筒子1 索子9 東風 南風 南風 白ちゃん 發ちゃん 發ちゃん | 中ちゃん 中ちゃん 中ちゃん
301,West,4084,110,0.500,-5094,,0,476,0,0,萬子1 萬子1 萬子4 萬子7 萬子8 筒子1 筒子5 索子5 索子5赤ドラ 東風 | 萬子6 萬子6 萬子6
302,South,7486,110,0.500,-8322,,0,652,0,0,萬子2 萬子7 索子3 索子7 東風 東風 東風 白ちゃん 發ちゃん 中ちゃん | 西風 西風 西風
303,West,-21819,110,0.500,20360,,0,40,0,0,萬子4 萬子7 萬子8 筒子9 索子3 索子3 索子5 索子7 西風 發ちゃん | 筒子7 筒子8 筒子9
304,North,7773,109,0.500,-8692,,0,576,0,0,萬子6 萬子6 萬子8 索子2 南風 白ちゃん 發ちゃん | 筒子9 筒子9 筒子9 北風 北風 北風
305,East,13227,109,0.500,-13934,,0,788,0,0,萬子3 筒子6 筒子7 筒子8 索子3 索子8 索子9 | 索子6 索子6 索子6 中ちゃん 中ちゃん 中ちゃん
306,East,15991,109,0.500,-16464,,0,1024,0,0,萬子5 萬子5 萬子8 筒子2 索子3 索子4 北風 | 萬子3 萬子3 萬子3 筒子4 筒子4 筒子4
307,East,-5107,109,0.500,3850,,0,228,0,0,萬子2 萬子2 萬子2 萬子3 萬子4 萬子5 筒子5赤ドラ 索子2 索子6 西風 北風 白ちゃん 發ちゃん | 
308,North,-41113,109,0.500,39930,,0,320,0,0,萬子1 | 萬子2 萬子2 萬子2 筒子7 筒子8 筒子9 索子3 索子4 索子5 索子5赤ドラ 索子6 索子7
309,West,-445,109,0.500,-900,,0,140,0,0,萬子3 萬子3 萬子4 萬子4 萬子7 萬子8 筒子9 索子6 索子6 索子9 索子9 索子9 中ちゃん | 
310,North,6891,110,0.500,-7848,,0,540,0,0,萬子3 萬子5 萬子5赤ドラ 索子7 南風 白ちゃん 發ちゃん 發ちゃん 發ちゃん 中ちゃん | 索子4 索子4 索子4
311,North,10464,109,0.500,-11144,,0,808,0,0,筒子1 筒子9 索子6 索子6 西風 北風 白ちゃん | 發ちゃん 發ちゃん 發ちゃん 中ちゃん 中ちゃん 中ちゃん
312,East,5981,109,0.500,-6960,,0,520,0,0,筒子7 筒子9 索子1 索子5 索子7 西風 白ちゃん | 筒子7 筒子7 筒子7 索子8 索子8 索子8
313,East,-17260,109,0.500,16098,,0,336,0,0,筒子1 筒子1 索子1 索子6 索子9 白ちゃん 發ちゃん | 筒子4 筒子5 筒子6 東風 東風 東風
314,South,722,110,0.500,-1882,,0,368,0,0,萬子1 萬子1 筒子4 筒子6 筒子8 索子6 索子6 索子7 索子8 索子9 | 萬子3 萬子3 萬子3
315,East,-2770,110,0.500,1518,,0,276,0,0,萬子1 萬子2 萬子2 萬子4 萬子4 索子2 索子8 索子8 索子8 發ちゃん | 索子6 索子6 索子6
316,West,-11679,110,0.500,10250,,0,96,0,0,萬子5 萬子7 筒子7 索子3 索子4 東風 北風 北風 白ちゃん 中ちゃん | 索子6 索子7 索子8
317,South,1601,109,0.500,-2650,,0,436,0,0,萬子3 萬子3 萬子3 萬子4 萬子4 萬子5 萬子5 萬子8 萬子9 筒子4 筒子5 西風 北風 | 
318,West,-24946,110,0.500,23570,,0,112,0,0,萬子8 索子4 索子6 索子6 東風 北風 白ちゃん 白ちゃん 中ちゃん 中ちゃん | 筒子3 筒子4 筒子5
319,South,-42413,109,0.500,40990,,0,64,0,0,萬子1 萬子1 筒子5 筒子5 索子7 東風 白ちゃん | 筒子1 筒子2 筒子3 索子7 索子8 索子9
320,South,-2946,110,0.500,1822,,0,424,0,0,筒子1 筒子6 索子2 北風 | 萬子5赤ドラ 萬子6 萬子7 索子7 索子7 索子7 索子9 索子9 索子9
321,West,-19731,110,0.500,18360,,0,128,0,0,萬子7 萬子7 萬子8 筒子2 索子2 索子3 索子6 西風 白ちゃん 中ちゃん | 筒子1 筒子2 筒子3
322,South,-15186,109,0.500,14196,,0,500,0,0,萬子1 萬子1 萬子1 萬子8 筒子3 索子9 西風 | 索子3 索子4 索子5 北風 北風 北風
323,North,-17638,110,0.500,16210,,0,76,0,0,筒子5 筒子7 筒子7 索子5 索子5 索子6 索子7 索子8 西風 北風 | 筒子6 筒子7 筒子8
324,South,-2590,110,0.500,1230,,0,160,0,0,萬子3 萬子6 萬子8 萬子8 筒子1 筒子1 筒子4 索子4 索子6 東風 | 索子9 索子9 索子9
325,West,-2943,109,0.500,1900,,0,472,0,0,萬子5 萬子9 筒子1 筒子4 筒子4 北風 發ちゃん | 萬子5赤ドラ 萬子5 萬子5 索子7 索子8 索子9
326,North,-21545,110,0.500,20170,,0,128,0,0,萬子4 萬子6 萬子6 萬子7 筒子2 南風 西風 北風 發ちゃん 中ちゃん | 索子1 索子2 索子3
327,West,8233,110,0.500,-9086,,0,636,0,0,萬子9 萬子9 索子3 東風 西風 西風 西風 北風 中ちゃん 中ちゃん | 筒子3 筒子3 筒子3
328,South,8408,109,0.500,-9314,,0,592,0,0,筒子1 筒子5赤ドラ 索子4 西風 北風 白ちゃん 中ちゃん | 萬子8 萬子8 萬子8 萬子9 萬子9 萬子9
329,West,14570,109,0.500,-14924,,0,1140,0,0,筒子1 筒子4 筒子5 索子9 西風 西風 發ちゃん | 萬子3 萬子3 萬子3 萬子9 萬子9 萬子9
330,East,-3500,109,0.500,2392,,0,384,0,0,萬子1 索子3 索子5 索子5 索子6 索子8 南風 | 索子4 索子4 索子4 索子7 索子8 索子9
331,North,2713,110,0.500,-3764,,0,440,0,0,筒子2 筒子9 索子8 東風 東風 西風 西風 白ちゃん 中ちゃん 中ちゃん | 萬子6 萬子6 萬子6
332,South,11686,109,0.500,-12530,,0,648,0,0,索子3 索子7 索子9 東風 南風 西風 發ちゃん | 萬子4 萬子4 萬子4 筒子9 筒子9 筒子9
333,East,9631,109,0.500,-10496,,0,640,0,0,萬子6 筒子9 筒子9 索子5 索子9 北風 發ちゃん | 萬子9 萬子9 萬子9 索子4 索子4 索子4
334,West,10425,109,0.500,-11204,,0,712,0,0,萬子7 萬子8 索子4 索子5 白ちゃん 白ちゃん 中ちゃん | 索子8 索子8 索子8 西風 西風 西風
335,North,-26900,109,0.500,25440,,0,32,0,0,萬子3 筒子8 索子3 索子4 索子4 索子5赤ドラ 北風 | 筒子2 筒子3 筒子4 索子5 索子6 索子7
336,East,-1289,109,0.500,-100,,0,96,0,0,萬子3 萬子6 筒子2 索子2 索子4 索子4 索子6 索子8 索子9 索子9 南風 南風 發ちゃん | 
337,West,-24505,109,0.500,23180,,0,160,0,0,萬子1 萬子9 索子8 東風 北風 發ちゃん 發ちゃん | 筒子4 筒子5 筒子6 白ちゃん 白ちゃん 白ちゃん
338,North,-6730,109,0.500,5658,,0,416,0,0,筒子2 筒子5 筒子9 索子1 索子2 索子8 南風 | 筒子5 筒子6 筒子7 發ちゃん 發ちゃん 發ちゃん
339,West,3628,109,0.500,-4604,,0,520,0,0,萬子3 萬子4 筒子6 筒子8 索子7 西風 發ちゃん | 萬子3 萬子3 萬子3 索子5 索子6 索子7
340,West,8837,109,0.500,-8102,,0,724,0,5,萬子1 萬子3 萬子3 萬子3 白ちゃん 白ちゃん 白ちゃん | 萬子4 萬子4 萬子4 筒子8 筒子8 筒子8
341,East,5434,109,0.500,-6294,,0,632,0,0,筒子7 索子2 索子3 南風 西風 白ちゃん 中ちゃん | 萬子8 萬子8 萬子8 索子1 索子1 索子1
342,South,5538,110,0.500,-6492,,0,564,0,0,萬子1 萬子6 筒子4 索子1 索子1 南風 白ちゃん 白ちゃん 白ちゃん 中ちゃん | 東風 東風 東風
343,East,5999,109,0.500,-6948,,0,544,0,0,萬子9 筒子6 索子4 索子9 南風 南風 白ちゃん | 東風 東風 東風 發ちゃん 發ちゃん 發ちゃん
344,East,1685,110,0.500,-2822,,0,376,0,0,萬子7 萬子8 萬子8 筒子5赤ドラ 筒子6 索子2 東風 西風 發ちゃん 中ちゃん | 東風 東風 東風
345,South,12561,110,0.500,-13182,,0,916,0,0,萬子2 筒子6 筒子8 北風 | 索子1 索子1 索子1 索子4 索子4 索子4 索子9 索子9 索子9
346,South,45,109,0.500,-1350,,0,180,0,0,萬子5赤ドラ 索子2 索子4 東風 東風 西風 北風 白ちゃん 發ちゃん 發ちゃん 發ちゃん 中ちゃん 中ちゃん | 
347,South,9799,110,0.500,-10594,,0,716,0,0,萬子1 萬子1 萬子1 萬子4 萬子4 索子8 西風 發ちゃん 發ちゃん 中ちゃん | 白ちゃん 白ちゃん 白ちゃん
348,East,-14310,110,0.500,12988,,0,240,0,0,萬子1 筒子6 筒子8 發ちゃん | 萬子1 萬子2 萬子3 索子4 索子5 索子6 索子6 索子6 索子6
349,East,9660,110,0.500,-10438,,0,768,0,0,萬子5 索子1 索子2 索子5 | 索子7 索子7 索子7 東風 東風 東風 西風 西風 西風
350,East,2672,110,0.500,-3898,,0,296,0,0,萬子6 萬子7 筒子5赤ドラ 筒子6 索子8 南風 南風 西風 中ちゃん 中ちゃん | 索子5 索子5 索子5
351,North,-1434,110,0.500,108,,0,192,0,0,萬子4 萬子9 筒子6 筒子7 索子3 索子9 南風 白ちゃん 中ちゃん 中ちゃん | 萬子1 萬子1 萬子1
352,East,11281,110,0.500,-12176,,0,604,0,0,萬子5赤ドラ 萬子5 萬子5 萬子6 萬子7 索子2 東風 北風 北風 白ちゃん | 中ちゃん 中ちゃん 中ちゃん
353,West,-9704,110,0.500,8460,,0,280,0,0,萬子6 筒子4 筒子6 筒子7 索子9 南風 北風 白ちゃん 發ちゃん 中ちゃん | 萬子2 萬子3 萬子4
354,West,1467,110,0.500,-2662,,0,328,0,0,萬子4 萬子5赤ドラ 筒子1 筒子1 索子3 索子3 索子7 索子9 東風 東風 | 萬子4 萬子4 萬子4
355,North,-1410,110,0.500,496,,0,608,0,0,筒子4 發ちゃん 中ちゃん 中ちゃん | 萬子7 萬子7 萬子7 筒子3 筒子4 筒子5 索子8 索子8 索子8
356,East,-3010,110,0.500,1686,,0,192,0,0,萬子8 萬子9 索子9 南風 西風 白ちゃん 白ちゃん 發ちゃん 發ちゃん 中ちゃん | 索子4 索子4 索子4
357,East,-15256,109,0.500,14208,,0,440,0,0,萬子6 萬子8 萬子8 索子7 北風 北風 發ちゃん | 筒子5 筒子6 筒子7 西風 西風 西風
358,East,11612,110,0.500,-12528,,0,576,0,0,萬子1 萬子7 筒子3 筒子4 筒子5 筒子9 索子9 東風 發ちゃん 發ちゃん | 索子6 索子6 索子6
359,South,-4597,109,0.500,3200,,0,88,0,0,萬子3 萬子3 萬子4 筒子1 索子1 東風 東風 南風 北風 白ちゃん 發ちゃん 中ちゃん 中ちゃん | 
360,South,775,110,0.500,-1960,,0,320,0,0,萬子9 筒子4 筒子5 筒子5赤ドラ 筒子6 索子5 南風 北風 發ちゃん 中ちゃん | 萬子8 萬子8 萬子8
361,East,-2254,110,0.500,1008,,0,272,0,0,萬子6 萬子6 萬子7 筒子4 筒子4 東風 南風 西風 白ちゃん 中ちゃん | 中ちゃん 中ちゃん 中ちゃん
362,South,-2353,110,0.500,1072,,0,236,0,0,萬子3 萬子8 索子2 索子9 南風 南風 南風 西風 白ちゃん 白ちゃん | 北風 北風 北風
363,East,-980,109,0.500,1150,,0,804,0,3,發ちゃん | 萬子7 萬子7 萬子7 萬子7 萬子8 萬子9 北風 北風 北風 中ちゃん 中ちゃん 中ちゃん
364,South,-8161,109,0.500,6700,,0,24,0,0,萬子3 萬子5 萬子5 萬子7 萬子7 筒子2 索子2 索子6 索子7 索子7 索子8 東風 白ちゃん | 
365,South,-15597,109,0.500,14420,,0,316,0,0,筒子4 東風 西風 西風 白ちゃん 白ちゃん 發ちゃん | 筒子2 筒子3 筒子4 南風 南風 南風
366,North,4218,110,0.500,-5136,,0,596,0,0,筒子9 筒子9 索子2 索子5赤ドラ 索子5 索子5 索子8 索子9 西風 北風 | 筒子7 筒子7 筒子7
367,East,5036,110,0.500,-6084,,0,512,0,0,筒子7 索子2 北風 白ちゃん | 萬子3 萬子3 萬子3 南風 南風 南風 白ちゃん 白ちゃん 白ちゃん
368,South,2802,110,0.500,-3856,,0,440,0,0,筒子5 筒子9 索子4 索子4 索子7 索子9 東風 西風 發ちゃん 中ちゃん | 萬子6 萬子6 萬子6
369,North,681,109,0.500,-1836,,0,368,0,0,萬子7 萬子9 筒子2 筒子5 南風 西風 白ちゃん | 白ちゃん 白ちゃん 白ちゃん 中ちゃん 中ちゃん 中ちゃん
370,East,4674,110,0.500,-5714,,0,476,0,0,萬子3 索子3 索子5 索子5 東風 東風 東風 北風 白ちゃん 白ちゃん | 中ちゃん 中ちゃん 中ちゃん
371,East,-3301,109,0.500,1900,,0,84,0,0,萬子2 萬子4 萬子6 筒子1 索子4 索子7 索子7 索子7 索子8 索子8 南風 西風 白ちゃん | 
372,East,2554,109,0.500,-3726,,0,328,0,0,萬子6 索子6 索子7 索子8 南風 西風 中ちゃん | 萬子4 萬子4 萬子4 發ちゃん 發ちゃん 發ちゃん
373,North,-4595,110,0.500,3200,,0,140,0,0,萬子1 萬子1 萬子2 萬子2 萬子2 筒子1 索子7 索子9 東風 北風 | 索子5 索子6 索子7
374,North,148,110,0.500,-1408,,0,252,0,0,萬子5 萬子5赤ドラ 萬子5 筒子1 東風 西風 北風 白ちゃん 中ちゃん 中ちゃん | 索子9 索子9 索子9
375,East,7439,109,0.500,-8382,,0,544,0,0,萬子1 萬子3 萬子5 筒子2 筒子6 索子7 北風 | 南風 南風 南風 西風 西風 西風
376,East,675,109,0.500,-1900,,0,260,0,0,萬子9 筒子9 筒子9 筒子9 索子8 索子9 東風 東風 南風 西風 西風 中ちゃん 中ちゃん | 
377,South,6349,65,0.500,-1390,白 五門斉,0,260,0,4,萬子5 萬子5 萬子5 筒子7 筒子8 筒子9 索子4 索子5 索子6 北風 北風 | 白ちゃん 白ちゃん 白ちゃん
378,North,-2175,110,0.500,788,,0,136,0,0,萬子4 萬子5 筒子9 索子6 索子8 東風 白ちゃん 發ちゃん 發ちゃん 中ちゃん | 萬子9 萬子9 萬子9
379,West,20307,109,0.500,-14830,,0,1312,0,19,筒子4 | 萬子8 萬子8 萬子8 西風 西風 西風 白ちゃん 白ちゃん 白ちゃん 中ちゃん 中ちゃん 中ちゃん
380,South,4588,110,0.500,-5766,,0,356,0,0,萬子4 萬子4 萬子4 萬子9 索子6 索子8 東風 西風 北風 發ちゃん | 索子5 索子5 索子5
381,East,1695,110,0.500,-2848,,0,344,0,0,萬子2 萬子2 筒子5 索子6 東風 南風 南風 北風 北風 中ちゃん | 萬子8 萬子8 萬子8
382,North,6182,109,0.500,-7152,,0,536,0,0,萬子1 萬子3 萬子4 萬子5赤ドラ 筒子3 索子6 索子8 | 萬子3 萬子3 萬子3 南風 南風 南風
383,West,4339,109,0.500,-5260,,0,592,0,0,萬子5 筒子5 索子9 南風 西風 西風 白ちゃん | 萬子2 萬子2 萬子2 筒子6 筒子6 筒子6
384,West,7921,109,0.500,-8780,,0,640,0,0,萬子1 萬子1 萬子7 筒子2 筒子7 南風 北風 | 白ちゃん 白ちゃん 白ちゃん 發ちゃん 發ちゃん 發ちゃん
385,West,2165,109,0.500,-3374,,0,312,0,0,筒子1 筒子4 筒子7 索子9 東風 南風 白ちゃん | 萬子7 萬子7 萬子7 中ちゃん 中ちゃん 中ちゃん
386,West,1595,109,0.500,-2600,,0,480,0,0,萬子6 萬子7 萬子7 萬子9 筒子5赤ドラ 索子5 索子8 索子9 南風 西風 北風 白ちゃん 中ちゃん | 
387,South,2464,110,0.500,-3630,,0,344,0,0,萬子1 萬子9 筒子3 筒子3 筒子4 筒子4 索子1 東風 北風 中ちゃん | 西風 西風 西風
388,North,10167,109,0.500,-10960,,0,700,0,0,萬子8 萬子9 筒子1 西風 西風 白ちゃん 發ちゃん | 萬子4 萬子4 萬子4 索子6 索子6 索子6
389,East,4717,110,0.500,-5834,,0,404,0,0,索子4 索子7 索子8 索子8 東風 東風 西風 白ちゃん 白ちゃん 白ちゃん | 發ちゃん 發ちゃん 發ちゃん
390,North,-37700,109,0.500,36290,,0,80,0,0,萬子2 筒子9 筒子9 索子3 索子6 索子7 發ちゃん | 筒子2 筒子3 筒子4 筒子4 筒子5赤ドラ 筒子6
391,West,47427,96,0.500,-20804,西 發 混全帯么九 対々和 混一色 混老頭,0,1768,0,30,中ちゃん 中ちゃん | 萬子1 萬子1 萬子1 西風 西風 西風 北風 北風 北風 發ちゃん 發ちゃん 發ちゃん
392,South,-8298,109,0.500,7112,,0,316,0,0,萬子4 萬子7 萬子7 南風 西風 北風 白ちゃん | 筒子4 筒子5 筒子6 發ちゃん 發ちゃん 發ちゃん
393,East,10102,110,0.500,-10856,,0,740,0,0,萬子2 萬子2 萬子6 筒子4 筒子4 筒子5 索子8 東風 東風 發ちゃん | 筒子9 筒子9 筒子9
394,North,11798,109,0.500,-12534,,0,752,0,0,萬子9 筒子4 筒子5 索子3 索子4 索子8 東風 | 萬子1 萬子1 萬子1 中ちゃん 中ちゃん 中ちゃん
395,West,-2750,110,0.500,1498,,0,256,0,0,萬子4 萬子6 萬子7 筒子5 索子2 索子8 南風 西風 白ちゃん 中ちゃん | 索子9 索子9 索子9
396,North,8955,110,0.500,-9916,,0,548,0,0,萬子1 萬子3 筒子3 索子2 索子6 索子6 西風 西風 發ちゃん 發ちゃん | 萬子4 萬子4 萬子4
397,South,-18553,110,0.500,17188,,0,188,0,0,筒子8 索子7 索子7 白ちゃん | 筒子3 筒子4 筒子5 索子7 索子8 索子9 索子9 索子9 索子9
398,North,7365,110,0.500,-8546,,0,348,0,0,筒子1 索子5赤ドラ 西風 北風 北風 發ちゃん 中ちゃん 中ちゃん 中ちゃん 中ちゃん | 索子7 索子7 索子7
399,East,9441,109,0.500,-10376,,0,552,0,0,萬子2 萬子5 筒子3 索子8 北風 發ちゃん 發ちゃん | 筒子1 筒子1 筒子1 西風 西風 西風
400,East,-18843,109,0.500,17478,,0,136,0,0,萬子1 萬子2 萬子2 萬子4 筒子8 北風 發ちゃん | 索子4 索子5 索子6 白ちゃん 白ちゃん 白ちゃん
401,North,5923,110,0.500,-6884,,0,560,0,0,萬子5 萬子7 筒子8 筒子9 索子1 索子4 索子8 西風 西風 北風 | 筒子5赤ドラ 筒子5 筒子5
402,South,3964,109,0.500,-4926,,0,528,0,0,萬子4 索子7 西風 西風 發ちゃん 中ちゃん 中ちゃん | 北風 北風 北風 白ちゃん 白ちゃん 白ちゃん
403,West,13147,109,0.500,-13884,,0,752,0,0,萬子3 萬子3 萬子5赤ドラ 萬子6 索子6 索子8 索子9 | 萬子2 萬子2 萬子2 西風 西風 西風
404,South,-38645,110,0.500,37374,,0,248,0,0,萬子1 索子5 北風 中ちゃん | 萬子4 萬子5 萬子6 索子4 索子5赤ドラ 索子6 發ちゃん 發ちゃん 發ちゃん
405,North,7056,109,0.500,-7828,,0,720,0,0,萬子1 萬子7 萬子8 筒子2 筒子6 筒子8 北風 | 萬子3 萬子3 萬子3 萬子4 萬子5赤ドラ 萬子6
406,North,8409,109,0.500,-9306,,0,600,0,0,萬子7 筒子3 筒子6 筒子6 筒子7 東風 東風 | 筒子5 筒子5 筒子5 北風 北風 北風
407,South,-355,110,0.500,-1068,,0,104,0,0,索子3 索子4 索子4 索子8 索子8 東風 北風 發ちゃん 發ちゃん 中ちゃん | 筒子9 筒子9 筒子9
408,South,-9046,63,0.500,22280,中 赤ドラ2 五門斉,0,232,0,25,索子8 索子8 西風 西風 西風 中ちゃん 中ちゃん 中ちゃん | 萬子4 萬子5赤ドラ 萬子6 筒子3 筒子4 筒子5赤ドラ
409,East,-2535,109,0.500,1250,,0,200,0,0,萬子7 萬子7 萬子9 筒子1 筒子1 筒子2 索子7 索子7 南風 北風 白ちゃん 白ちゃん 發ちゃん | 
410,West,7137,110,0.500,-8124,,0,568,0,0,萬子9 筒子5 筒子7 白ちゃん | 東風 東風 東風 西風 西風 西風 白ちゃん 白ちゃん 白ちゃん
411,West,-4530,110,0.500,3062,,0,64,0,0,萬子6 萬子6 筒子1 筒子6 筒子9 索子3 索子6 南風 西風 西風 | 萬子9 萬子9 萬子9
412,South,15086,109,0.500,-15788,,0,788,0,0,筒子4 筒子4 筒子4 西風 北風 發ちゃん 中ちゃん | 索子4 索子4 索子4 北風 北風 北風
413,West,-15890,110,0.500,14410,,0,24,0,0,萬子1 萬子8 筒子7 索子2 索子5 索子5赤ドラ 索子6 東風 西風 北風 | 萬子1 萬子2 萬子3
414,East,12169,109,0.500,-12802,,0,856,0,0,筒子5赤ドラ 筒子5 筒子8 南風 西風 北風 白ちゃん | 萬子7 萬子7 萬子7 北風 北風 北風
415,East,-10469,109,0.500,9508,,0,532,0,0,萬子1 萬子8 筒子1 筒子1 筒子1 索子4 中ちゃん | 萬子5 萬子6 萬子7 索子5赤ドラ 索子5 索子5
416,East,-38001,110,0.500,36748,,0,256,0,0,萬子1 萬子6 西風 北風 | 萬子1 萬子2 萬子3 筒子6 筒子7 筒子8 東風 東風 東風
417,West,-7895,109,0.500,6450,,0,40,0,0,萬子1 萬子4 萬子6 萬子8 筒子1 筒子1 筒子3 筒子9 索子4 索子8 北風 北風 中ちゃん | 
418,West,1800,110,0.500,-2872,,0,416,0,0,筒子2 筒子3 筒子6 筒子9 索子4 索子9 南風 南風 白ちゃん 發ちゃん | 索子6 索子6 索子6
419,West,-1647,110,0.500,412,,0,272,0,0,萬子7 萬子9 筒子4 索子3 索子4 索子5赤ドラ 索子8 索子9 白ちゃん 白ちゃん | 筒子5赤ドラ 筒子5 筒子5
420,West,8002,110,0.500,-8650,,0,904,0,0,萬子1 萬子9 索子5 北風 | 萬子3 萬子3 萬子3 東風 東風 東風 中ちゃん 中ちゃん 中ちゃん
421,West,3702,109,0.500,-4760,,0,464,0,0,萬子3 索子7 索子7 索子8 索子9 東風 發ちゃん | 索子2 索子2 索子2 索子6 索子6 索子6
422,East,6143,110,0.500,-6980,,0,648,0,0,萬子4 萬子7 筒子2 筒子2 筒子8 索子1 索子6 南風 發ちゃん 中ちゃん | 萬子2 萬子2 萬子2
423,West,-2183,109,0.500,850,,0,152,0,0,萬子8 萬子8 筒子2 筒子3 索子1 索子2 索子2 索子6 索子7 北風 北風 中ちゃん 中ちゃん | 
424,South,-31035,109,0.500,29550,,0,0,0,0,萬子4 萬子7 索子2 白ちゃん 發ちゃん 中ちゃん 中ちゃん | 萬子3 萬子4 萬子5 索子5赤ドラ 索子6 索子7
425,North,-2005,109,0.500,918,,0,444,0,0,索子6 南風 南風 南風 西風 白ちゃん 中ちゃん | 萬子8 萬子8 萬子8 索子3 索子3 索子3
426,North,-2275,110,0.500,1444,,0,688,0,0,筒子3 筒子6 筒子7 索子2 | 萬子6 萬子6 萬子6 筒子5 筒子5 筒子5 索子4 索子5 索子6
427,East,-7002,110,0.500,5490,,0,24,0,0,筒子2 筒子2 筒子3 東風 南風 北風 北風 白ちゃん 白ちゃん 中ちゃん | 萬子7 萬子8 萬子9
428,West,-851,110,0.500,-288,,0,368,0,0,萬子1 萬子2 萬子3 筒子5 筒子5 筒子8 索子5 東風 南風 發ちゃん | 中ちゃん 中ちゃん 中ちゃん
429,West,7186,110,0.500,-7956,,0,724,0,0,萬子3 萬子6 萬子9 筒子3 筒子6 索子6 西風 北風 北風 中ちゃん | 筒子1 筒子1 筒子1
430,South,-233,109,0.500,-800,,0,452,0,0,萬子6 萬子6 萬子7 萬子8 索子4 索子8 索子9 東風 南風 北風 白ちゃん 白ちゃん 白ちゃん | 
431,West,-1670,110,0.500,430,,0,280,0,0,萬子9 萬子9 筒子5 筒子8 索子1 東風 南風 南風 西風 白ちゃん | 索子7 索子7 索子7
432,South,3079,109,0.500,-4182,,0,408,0,0,萬子9 筒子6 筒子8 西風 白ちゃん 發ちゃん 中ちゃん | 萬子8 萬子8 萬子8 筒子2 筒子2 筒子2
433,North,2546,109,0.500,-3636,,0,424,0,0,筒子7 索子1 索子2 索子4 索子9 白ちゃん 白ちゃん | 筒子9 筒子9 筒子9 索子8 索子8 索子8
434,East,7195,109,0.500,-8010,,0,680,0,0,萬子9 筒子6 筒子7 筒子9 索子3 索子5 發ちゃん | 萬子6 萬子6 萬子6 白ちゃん 白ちゃん 白ちゃん
435,South,-9655,109,0.500,8250,,0,80,0,0,萬子3 萬子6 萬子7 筒子8 索子3 索子7 索子8 索子9 東風 南風 西風 白ちゃん 中ちゃん | 
436,South,-1911,110,0.500,868,,0,496,0,0,筒子9 索子2 索子3 北風 | 萬子4 萬子4 萬子4 筒子6 筒子7 筒子8 索子1 索子1 索子1
437,North,4618,109,0.500,-5566,,0,548,0,0,筒子8 筒子8 索子3 索子7 東風 北風 北風 | 索子2 索子2 索子2 索子9 索子9 索子9
438,North,1407,109,0.500,-2700,,0,192,0,0,萬子5 萬子6 筒子3 索子1 索子2 索子5 索子9 東風 南風 西風 發ちゃん 發ちゃん 中ちゃん | 
439,North,3898,109,0.500,-4904,,0,508,0,0,萬子6 萬子9 索子6 索子6 索子8 白ちゃん 發ちゃん | 索子3 索子3 索子3 索子5 索子5赤ドラ 索子5
440,North,-17788,109,0.500,16662,,0,372,0,0,萬子6 萬子6 索子9 東風 南風 中ちゃん 中ちゃん | 萬子5 萬子6 萬子7 發ちゃん 發ちゃん 發ちゃん
441,West,2505,110,0.500,-3676,,0,328,0,0,萬子2 萬子5赤ドラ 萬子8 筒子9 索子9 東風 東風 白ちゃん 發ちゃん 發ちゃん | 萬子2 萬子2 萬子2
442,West,-3787,109,0.500,2350,,0,48,0,0,萬子1 萬子1 萬子4 萬子7 筒子1 筒子3 筒子3 東風 南風 南風 西風 西風 白ちゃん | 
443,South,10115,109,0.500,-10720,,0,880,0,0,索子6 索子7 索子8 東風 東風 東風 白ちゃん | 索子5 索子5 索子5 索子7 索子7 索子7
444,North,-20831,109,0.500,19518,,0,176,0,0,萬子7 筒子4 筒子9 南風 西風 中ちゃん 中ちゃん | 索子1 索子1 索子1 索子5 索子6 索子7
445,East,-10521,109,0.500,9486,,0,456,0,0,萬子8 萬子8 筒子9 北風 北風 白ちゃん 白ちゃん | 萬子3 萬子4 萬子5 萬子9 萬子9 萬子9
446,East,13446,110,0.500,-14036,,0,944,0,0,筒子1 東風 東風 西風 | 萬子2 萬子2 萬子2 萬子3 萬子3 萬子3 中ちゃん 中ちゃん 中ちゃん
447,South,-28981,109,0.500,27660,,0,184,0,0,萬子1 萬子4 萬子4 索子4 索子8 西風 中ちゃん | 萬子1 萬子2 萬子3 索子7 索子8 索子9
448,North,1883,109,0.500,-3200,,0,168,0,0,萬子8 萬子8 筒子1 筒子2 筒子3 筒子3 索子3 索子8 東風 白ちゃん 發ちゃん 發ちゃん 中ちゃん | 
449,South,-29616,109,0.500,28120,,0,8,0,0,萬子1 萬子6 萬子7 萬子8 筒子2 筒子5赤ドラ 索子9 | 萬子6 萬子7 萬子8 索子7 索子8 索子9
450,East,-6735,109,0.500,5250,,0,0,0,0,萬子6 萬子7 萬子7 萬子8 筒子4 索子2 索子7 索子7 西風 北風 白ちゃん 發ちゃん 中ちゃん | 
451,East,547,110,0.500,-1808,,0,276,0,0,萬子2 萬子4 萬子6 萬子7 萬子8 萬子9 南風 西風 北風 白ちゃん | 北風 北風 北風
452,North,7058,109,0.500,-8216,,0,356,0,0,萬子5赤ドラ 萬子6 萬子6 筒子3 筒子3 筒子5 西風 | 萬子5 萬子5 萬子5 索子7 索子7 索子7
453,East,-2416,110,0.500,1090,,0,204,0,0,索子2 索子5 索子9 東風 南風 西風 西風 西風 發ちゃん 中ちゃん | 萬子8 萬子8 萬子8
454,North,1682,110,0.500,-2790,,0,392,0,0,萬子1 萬子9 筒子1 筒子9 索子2 南風 西風 西風 北風 中ちゃん | 中ちゃん 中ちゃん 中ちゃん
455,South,-4800,109,0.500,3702,,0,404,0,0,索子3 索子4 索子5 西風 北風 白ちゃん 白ちゃん | 索子2 索子3 索子4 東風 東風 東風
456,East,-16525,109,0.500,15092,,0,72,0,0,萬子1 萬子5 南風 白ちゃん 發ちゃん 中ちゃん 中ちゃん | 萬子3 萬子4 萬子5 萬子8 萬子8 萬子8
457,East,-19132,110,0.500,18000,,0,400,0,0,萬子2 筒子7 索子6 南風 | 萬子8 萬子8 萬子8 筒子2 筒子3 筒子3 筒子4 筒子4 筒子5
458,South,2097,109,0.500,-3050,,0,532,0,0,筒子6 筒子7 筒子9 筒子9 筒子9 索子2 索子3 索子9 東風 北風 白ちゃん 發ちゃん 中ちゃん | 
459,East,235,110,0.500,-1370,,0,360,0,0,筒子1 筒子2 筒子2 筒子6 索子2 索子4 索子9 南風 白ちゃん 發ちゃん | 索子2 索子2 索子2
460,West,3044,110,0.500,-3684,,0,872,0,0,萬子6 萬子8 東風 中ちゃん | 筒子4 筒子4 筒子4 筒子6 筒子6 筒子6 索子1 索子2 索子3
461,North,3403,109,0.500,-4534,,0,380,0,0,萬子6 筒子6 索子2 索子4 索子8 東風 白ちゃん | 萬子7 萬子7 萬子7 中ちゃん 中ちゃん 中ちゃん
462,West,13083,109,0.500,-13846,,0,724,0,0,萬子3 筒子3 筒子6 筒子8 西風 發ちゃん 中ちゃん | 萬子6 萬子6 萬子6 索子2 索子2 索子2
463,North,7259,109,0.500,-8106,,0,648,0,0,萬子4 索子3 索子6 索子9 北風 發ちゃん 中ちゃん | 萬子7 萬子7 萬子7 東風 東風 東風
464,East,-31187,110,0.500,29750,,0,48,0,0,筒子6 筒子9 索子4 索子5 索子5 索子6 索子9 西風 北風 發ちゃん | 索子7 索子8 索子9
465,South,-40862,109,0.500,39450,,0,80,0,0,萬子1 萬子1 索子2 索子6 索子6 北風 發ちゃん | 萬子2 萬子3 萬子4 索子3 索子4 索子5赤ドラ
466,South,-13319,110,0.500,11980,,0,168,0,0,萬子2 萬子3 筒子1 筒子2 筒子5 筒子9 索子6 西風 發ちゃん 中ちゃん | 索子6 索子7 索子8
467,East,-2463,109,0.500,1050,,0,72,0,0,萬子3 萬子3 萬子7 萬子8 索子1 索子2 索子6 索子7 東風 北風 北風 發ちゃん 中ちゃん | 
468,West,-7237,109,0.500,5800,,0,48,0,0,萬子7 筒子9 索子1 索子5 索子7 索子8 索子9 索子9 南風 西風 北風 白ちゃん 中ちゃん | 
469,North,-4027,110,0.500,3158,,0,680,0,0,萬子4 萬子4 萬子4 南風 | 萬子2 萬子2 萬子2 萬子3 萬子4 萬子5赤ドラ 筒子2 筒子2 筒子2
470,East,2981,109,0.500,-3940,,0,528,0,0,筒子6 索子3 索子5 索子5 索子6 白ちゃん 中ちゃん | 筒子7 筒子7 筒子7 南風 南風 南風
471,South,745,110,0.500,-2000,,0,260,0,0,筒子7 索子8 索子9 南風 南風 南風 北風 白ちゃん 白ちゃん 中ちゃん | 東風 東風 東風
472,South,-11412,109,0.500,10396,,0,480,0,0,萬子4 萬子5赤ドラ 萬子6 萬子8 萬子9 索子9 東風 | 萬子1 萬子2 萬子3 索子7 索子7 索子7
473,West,-15412,109,0.500,14282,,0,368,0,0,萬子1 萬子4 索子6 索子8 南風 北風 發ちゃん | 萬子5赤ドラ 萬子6 萬子7 發ちゃん 發ちゃん 發ちゃん
474,East,2019,109,0.500,-3216,,0,324,0,0,筒子2 索子3 白ちゃん 白ちゃん 白ちゃん 發ちゃん 發ちゃん | 萬子1 萬子1 萬子1 萬子3 萬子3 萬子3
475,West,-1440,109,0.500,174,,0,268,0,0,萬子1 萬子1 筒子9 索子6 西風 北風 中ちゃん | 萬子5 萬子6 萬子7 南風 南風 南風
476,North,21318,82,0.500,-17954,対々和,0,1192,0,0,筒子6 筒子6 索子6 索子6 索子6 | 萬子4 萬子4 萬子4 萬子9 萬子9 萬子9 索子4 索子4 索子4
477,West,-2061,109,0.500,1078,,0,520,0,0,萬子8 筒子1 筒子2 索子8 東風 西風 白ちゃん | 萬子6 萬子7 萬子8 北風 北風 北風
478,North,5037,109,0.500,-6250,,0,272,0,0,筒子3 筒子9 筒子9 筒子9 索子1 索子5 索子5赤ドラ 索子5 索子5 南風 北風 發ちゃん 發ちゃん | 
479,North,7071,110,0.500,-7830,,0,776,0,0,萬子1 萬子1 索子8 東風 | 索子4 索子5 索子6 南風 南風 南風 北風 北風 北風
480,South,-6506,110,0.500,5118,,0,140,0,0,萬子9 筒子1 筒子4 筒子9 索子7 索子8 索子9 發ちゃん 發ちゃん 發ちゃん | 索子5 索子5赤ドラ 索子5
481,West,-15307,109,0.500,14040,,0,232,0,0,萬子1 筒子4 筒子6 索子1 索子4 北風 中ちゃん | 索子7 索子8 索子9 西風 西風 西風
482,West,-2583,110,0.500,1142,,0,96,0,0,筒子1 索子1 索子3 索子5赤ドラ 索子5 索子7 西風 白ちゃん 白ちゃん 中ちゃん | 萬子7 萬子7 萬子7
483,East,1125,109,0.500,-2304,,0,328,0,0,萬子2 萬子5 筒子6 南風 白ちゃん 發ちゃん 發ちゃん | 萬子1 萬子1 萬子1 北風 北風 北風
484,West,-10743,109,0.500,9532,,0,296,0,0,萬子4 筒子1 筒子2 筒子2 筒子3 索子1 索子7 | 萬子3 萬子3 萬子3 萬子4 萬子5 萬子6
485,West,-7631,109,0.500,6250,,0,104,0,0,萬子1 萬子2 萬子3 筒子2 筒子7 索子1 索子1 索子9 索子9 東風 南風 北風 中ちゃん | 
486,North,-20984,110,0.500,19560,,0,80,0,0,萬子1 萬子1 萬子7 筒子5赤ドラ 索子2 索子5 索子7 索子9 南風 白ちゃん | 萬子5赤ドラ 萬子6 萬子7
487,North,9335,110,0.500,-10042,,0,832,0,0,筒子8 索子6 南風 西風 | 萬子4 萬子4 萬子4 筒子6 筒子6 筒子6 索子2 索子2 索子2
488,North,-6590,109,0.500,5176,,0,112,0,0,萬子1 萬子6 索子4 索子9 南風 發ちゃん 發ちゃん | 萬子6 萬子7 萬子8 筒子4 筒子4 筒子4
489,East,13522,110,0.500,-14154,,0,912,0,0,萬子1 萬子2 萬子7 索子7 | 萬子5 萬子5 萬子5赤ドラ 索子9 索子9 索子9 東風 東風 東風
490,East,8351,109,0.500,-9146,,0,696,0,0,萬子7 筒子1 筒子1 筒子1 西風 發ちゃん 中ちゃん | 萬子6 萬子6 萬子6 索子6 索子6 索子6
491,West,-8980,109,0.500,7586,,0,120,0,0,萬子1 索子9 南風 西風 西風 北風 中ちゃん | 萬子3 萬子4 萬子5 白ちゃん 白ちゃん 白ちゃん
492,North,-4986,109,0.500,3920,,0,424,0,0,萬子1 萬子2 萬子5 索子1 索子5 索子8 白ちゃん | 萬子3 萬子3 萬子3 萬子6 萬子7 萬子8
493,West,-27003,109,0.500,25570,,0,64,0,0,萬子7 萬子8 萬子8 筒子6 南風 北風 中ちゃん | 萬子5 萬子6 萬子7 索子1 索子2 索子3
494,East,-1956,109,0.500,876,,0,416,0,0,筒子2 筒子8 索子4 索子8 西風 北風 白ちゃん | 索子7 索子8 索子9 南風 南風 南風
495,West,-15661,109,0.500,14442,,0,280,0,0,萬子2 萬子6 萬子7 索子8 東風 南風 南風 | 筒子1 筒子2 筒子3 中ちゃん 中ちゃん 中ちゃん
496,West,-6050,110,0.500,4726,,0,248,0,0,萬子8 萬子8 萬子8 索子5 | 萬子3 萬子3 萬子3 索子5 索子6 索子7 中ちゃん 中ちゃん 中ちゃん
497,East,4515,110,0.500,-5558,,0,444,0,0,萬子3 萬子3 萬子3 萬子4 萬子8 索子1 索子3 索子8 索子9 中ちゃん | 萬子2 萬子2 萬子2
498,South,669,109,0.500,-1750,,0,404,0,0,萬子1 萬子5 萬子5 萬子5 萬子5赤ドラ 索子9 索子9 南風 北風 北風 白ちゃん 白ちゃん 中ちゃん | 
499,South,-107,109,0.500,-868,,0,512,0,0,萬子1 萬子4 萬子7 筒子1 筒子2 筒子9 中ちゃん | 索子2 索子2 索子2 索子7 索子8 索子9
500,East,-10481,110,0.500,9614,,0,648,0,0,萬子7 索子6 索子9 東風 | 萬子3 萬子4 萬子5 筒子8 筒子8 筒子8 南風 南風 南風
501,South,-9556,109,0.500,8698,,0,656,0,0,中ちゃん | 萬子1 萬子2 萬子3 索子1 索子1 索子1 索子2 索子3 索子4 索子8 索子8 索子8
502,North,9399,110,0.500,-10284,,0,672,0,0,萬子1 東風 東風 西風 | 筒子5 筒子5赤ドラ 筒子5 索子9 索子9 索子9 白ちゃん 白ちゃん 白ちゃん
503,East,-6644,109,0.500,5552,,0,400,0,0,萬子6 筒子1 筒子1 索子1 索子2 東風 發ちゃん | 萬子5 萬子6 萬子7 南風 南風 南風
504,East,-12657,110,0.500,11310,,0,172,0,0,萬子5 萬子5赤ドラ 萬子5 萬子5 萬子8 筒子3 筒子4 西風 白ちゃん 中ちゃん | 萬子1 萬子2 萬子3
505,North,-4027,110,0.500,3114,,0,608,0,0,筒子2 索子3 索子3 南風 | 萬子7 萬子8 萬子9 索子5赤ドラ 索子5 索子5 索子7 索子7 索子7
506,West,-21489,109,0.500,19970,,0,0,0,0,萬子7 筒子2 筒子4 索子6 東風 西風 北風 | 萬子3 萬子4 萬子5 索子7 索子8 索子9
507,West,4809,110,0.500,-5832,,0,480,0,0,萬子5 萬子6 筒子1 筒子4 筒子4 索子1 索子4 西風 北風 中ちゃん | 發ちゃん 發ちゃん 發ちゃん
508,South,-33279,109,0.500,32112,,0,344,0,0,發ちゃん | 筒子3 筒子4 筒子5 索子2 索子3 索子4 索子6 索子7 索子8 北風 北風 北風
509,East,-20061,110,0.500,18690,,0,120,0,0,萬子7 萬子9 筒子4 索子6 索子8 東風 東風 南風 西風 西風 | 筒子2 筒子3 筒子4
510,North,99,109,0.500,-1318,,0,288,0,0,筒子7 索子5 索子8 索子9 南風 南風 白ちゃん | 筒子6 筒子6 筒子6 索子7 索子8 索子9
511,South,18380,110,0.500,-18628,,0,1264,0,0,筒子6 白ちゃん 中ちゃん 中ちゃん | 南風 南風 南風 西風 西風 西風 發ちゃん 發ちゃん 發ちゃん
512,West,-2072,110,0.500,1184,,0,632,0,0,萬子8 萬子9 索子3 索子4 | 萬子7 萬子8 萬子9 索子6 索子6 索子6 索子9 索子9 索子9
513,East,262,110,0.500,-1660,,0,132,0,0,萬子5 筒子2 筒子3 筒子4 筒子4 索子6 索子8 白ちゃん 白ちゃん 白ちゃん | 南風 南風 南風
514,West,7699,109,0.500,-8434,,0,752,0,0,筒子1 筒子3 筒子5 索子8 索子9 西風 白ちゃん | 筒子9 筒子9 筒子9 索子6 索子6 索子6
515,South,-8986,110,0.500,8096,,0,632,0,0,筒子1 索子2 索子4 發ちゃん | 萬子5 萬子5 萬子5 萬子7 萬子8 萬子9 索子9 索子9 索子9
516,North,-25783,109,0.500,24350,,0,72,0,0,萬子6 萬子7 筒子1 筒子6 索子8 索子9 南風 | 萬子7 萬子8 萬子9 索子2 索子3 索子4
517,East,613,110,0.500,-1666,,0,456,0,0,萬子4 萬子9 筒子5赤ドラ 筒子7 索子1 索子7 東風 南風 白ちゃん 發ちゃん | 萬子8 萬子8 萬子8
518,South,-26058,109,0.500,24560,,0,0,0,0,萬子5 索子3 索子3 東風 東風 南風 西風 | 筒子7 筒子8 筒子9 索子5 索子6 索子7
519,North,12078,109,0.500,-12886,,0,684,0,0,索子4 索子4 索子7 索子9 東風 東風 北風 | 筒子8 筒子8 筒子8 筒子9 筒子9 筒子9
520,East,-901,109,0.500,-518,,0,112,0,0,萬子5赤ドラ 筒子1 索子9 西風 西風 白ちゃん 白ちゃん | 萬子6 萬子6 萬子6 東風 東風 東風
521,East,11576,109,0.500,-12266,,0,808,0,0,萬子1 萬子1 萬子1 萬子2 萬子8 東風 中ちゃん | 萬子6 萬子6 萬子6 發ちゃん 發ちゃん 發ちゃん
522,East,-10463,110,0.500,9290,,0,348,0,0,萬子5 筒子4 筒子6 筒子7 索子1 索子9 北風 北風 北風 中ちゃん | 萬子3 萬子4 萬子5赤ドラ
523,East,725,109,0.500,-1906,,0,328,0,0,萬子5 東風 南風 南風 北風 白ちゃん 發ちゃん | 索子1 索子1 索子1 索子4 索子5 索子6
524,West,-22534,109,0.500,21124,,0,88,0,0,萬子1 筒子7 索子8 索子8 南風 北風 北風 | 萬子2 萬子2 萬子2 索子1 索子2 索子3
525,North,4736,109,0.500,-5958,,0,296,0,0,萬子1 萬子5 萬子9 萬子9 筒子2 白ちゃん 白ちゃん | 萬子2 萬子2 萬子2 索子1 索子1 索子1
526,West,-2466,110,0.500,1564,,0,648,0,0,索子3 索子6 西風 白ちゃん | 萬子1 萬子1 萬子1 萬子5赤ドラ 萬子6 萬子7 索子9 索子9 索子9
527,East,-45827,109,0.500,44340,,0,0,0,0,筒子1 索子2 索子2 索子4 索子5赤ドラ 索子7 索子9 | 萬子4 萬子5 萬子6 筒子2 筒子3 筒子4
528,North,-33253,110,0.500,31710,,0,0,0,0,萬子1 索子7 白ちゃん 發ちゃん | 萬子4 萬子5赤ドラ 萬子6 筒子2 筒子3 筒子4 索子1 索子2 索子3
529,East,-993,110,0.500,-318,,0,216,0,0,萬子6 萬子7 筒子2 索子2 東風 西風 西風 發ちゃん 發ちゃん 中ちゃん | 筒子1 筒子1 筒子1
530,West,-11591,110,0.500,10688,,0,616,0,0,萬子3 筒子4 索子1 南風 | 萬子6 萬子7 萬子8 萬子9 萬子9 萬子9 索子7 索子7 索子7
531,East,-32140,110,0.500,30906,,0,280,0,0,萬子1 索子2 索子8 東風 | 筒子6 筒子7 筒子8 索子2 索子3 索子4 索子9 索子9 索子9
532,West,557,110,0.500,-1264,,0,808,0,0,萬子4 萬子6 筒子3 索子1 | 萬子3 萬子3 萬子3 索子5 索子6 索子7 西風 西風 西風
533,South,20041,110,0.500,-20034,,0,1504,0,0,白ちゃん 白ちゃん 中ちゃん 中ちゃん | 萬子9 萬子9 萬子9 筒子2 筒子2 筒子2 發ちゃん 發ちゃん 發ちゃん
534,West,-44828,109,0.500,43600,,0,280,0,0,筒子2 | 萬子2 萬子3 萬子4 萬子7 萬子8 萬子9 筒子3 筒子4 筒子5 筒子6 筒子6 筒子6
535,West,-11896,110,0.500,11142,,0,756,0,0,筒子9 索子7 北風 北風 | 筒子6 筒子6 筒子6 索子1 索子2 索子3 索子9 索子9 索子9
536,North,-39781,110,0.500,38298,,0,56,0,0,筒子1 筒子7 西風 發ちゃん | 萬子2 萬子2 萬子2 萬子5 萬子6 萬子7 索子6 索子7 索子8
537,South,-17673,110,0.500,16380,,0,204,0,0,萬子1 萬子1 萬子1 萬子2 筒子4 筒子8 索子1 索子8 北風 北風 | 索子5 索子6 索子7
538,South,1815,110,0.500,-2914,,0,392,0,0,萬子2 筒子2 筒子2 筒子3 筒子4 筒子5 索子8 白ちゃん 中ちゃん 中ちゃん | 東風 東風 東風
539,West,1284,109,0.500,-2342,,0,440,0,0,筒子2 筒子6 索子5 南風 西風 北風 發ちゃん | 索子9 索子9 索子9 白ちゃん 白ちゃん 白ちゃん
540,East,-28982,109,0.500,27540,,0,48,0,0,萬子3 索子1 索子2 索子3 索子7 西風 北風 | 索子2 索子3 索子4 索子7 索子8 索子9
541,East,-7588,109,0.500,6420,,0,344,0,0,萬子1 筒子5 筒子6 筒子7 索子5赤ドラ 索子5 白ちゃん | 索子5 索子6 索子7 索子7 索子7 索子7
542,West,-7123,110,0.500,5870,,0,280,0,0,萬子2 萬子4 筒子3 索子1 索子3 索子5 南風 西風 西風 白ちゃん | 萬子1 萬子2 萬子3
543,West,2215,109,0.500,-3114,,0,592,0,0,萬子2 萬子7 筒子2 筒子6 筒子9 索子2 索子7 | 萬子5 萬子5赤ドラ 萬子5 萬子6 萬子6 萬子6
544,North,-12551,110,0.500,11140,,0,100,0,0,萬子3 萬子8 筒子1 筒子1 筒子1 筒子2 筒子4 索子1 西風 白ちゃん | 萬子7 萬子8 萬子9
545,South,-19869,109,0.500,18606,,0,232,0,0,萬子3 萬子4 萬子8 萬子9 筒子3 筒子6 索子2 | 萬子6 萬子7 萬子8 發ちゃん 發ちゃん 發ちゃん
546,South,-35522,109,0.500,34070,,0,40,0,0,萬子5 萬子6 萬子8 筒子2 索子1 發ちゃん 中ちゃん | 筒子2 筒子3 筒子4 索子2 索子3 索子4
547,South,-12330,109,0.500,11276,,0,432,0,0,萬子4 萬子5 萬子8 筒子1 索子7 索子8 發ちゃん | 萬子1 萬子2 萬子3 南風 南風 南風
548,East,-5426,110,0.500,4716,,0,792,0,0,萬子2 筒子6 索子4 中ちゃん | 索子1 索子2 索子3 北風 北風 北風 白ちゃん 白ちゃん 白ちゃん
549,East,-23056,110,0.500,21864,,0,344,0,0,萬子2 筒子8 索子1 南風 | 萬子2 萬子3 萬子4 筒子1 筒子2 筒子3 筒子5 筒子5 筒子5赤ドラ
550,East,1706,110,0.500,-2692,,0,532,0,0,萬子1 筒子4 筒子7 索子4 索子5 索子5 東風 中ちゃん 中ちゃん 中ちゃん | 筒子8 筒子8 筒子8
551,West,-9624,110,0.500,8572,,0,492,0,0,萬子7 發ちゃん 發ちゃん 發ちゃん | 萬子2 萬子2 萬子2 筒子1 筒子2 筒子3 中ちゃん 中ちゃん 中ちゃん
552,North,21989,100,0.500,-14126,北 白 対々和,0,832,0,11,萬子8 萬子8 北風 北風 北風 | 萬子3 萬子3 萬子3 索子8 索子8 索子8 白ちゃん 白ちゃん 白ちゃん
553,East,-6780,110,0.500,5616,,0,400,0,0,萬子1 萬子2 索子5赤ドラ 南風 | 萬子3 萬子4 萬子5 筒子2 筒子3 筒子4 索子9 索子9 索子9
554,North,-22883,109,0.500,21670,,0,280,0,0,萬子1 萬子4 萬子9 筒子9 索子2 索子3 中ちゃん | 萬子1 萬子2 萬子3 萬子3 萬子4 萬子5
555,East,-15910,110,0.500,14914,,0,528,0,0,索子3 索子7 北風 北風 | 筒子3 筒子4 筒子5赤ドラ 筒子7 筒子7 筒子7 筒子8 筒子8 筒子8
556,West,-46292,109,0.500,44850,,0,48,0,0,萬子1 萬子9 萬子9 筒子7 索子4 索子9 索子9 | 萬子2 萬子3 萬子4 筒子3 筒子4 筒子5赤ドラ
557,East,-19587,109,0.500,18344,,0,256,0,0,萬子6 索子4 南風 白ちゃん 白ちゃん 發ちゃん 發ちゃん | 萬子2 萬子2 萬子2 筒子2 筒子3 筒子4
558,West,122,110,0.500,-714,,0,916,0,0,萬子2 萬子5 索子6 南風 | 萬子5 萬子6 萬子7 索子5 索子5 索子5赤ドラ 白ちゃん 白ちゃん 白ちゃん
559,West,-27690,110,0.500,26200,,0,0,0,0,萬子6 筒子6 筒子7 筒子9 索子4 索子9 北風 白ちゃん 發ちゃん 中ちゃん | 索子4 索子5赤ドラ 索子6
560,East,-3004,110,0.500,2054,,0,584,0,0,筒子1 索子9 東風 東風 | 萬子2 萬子2 萬子2 萬子5赤ドラ 萬子5 萬子5 筒子2 筒子3 筒子4
561,East,-11748,110,0.500,10510,,0,276,0,0,萬子1 萬子4 萬子5 萬子8 索子5 西風 發ちゃん 發ちゃん 發ちゃん 中ちゃん | 索子1 索子2 索子3
562,South,-3432,110,0.500,2716,,0,796,0,0,萬子1 萬子2 索子1 索子2 | 萬子6 萬子6 萬子6 筒子5 筒子6 筒子7 中ちゃん 中ちゃん 中ちゃん
563,East,-8475,110,0.500,7882,,0,912,0,0,筒子9 索子3 索子5赤ドラ 索子9 | 萬子4 萬子4 萬子4 萬子8 萬子8 萬子8 筒子7 筒子8 筒子9
564,South,-16475,110,0.500,15240,,0,256,0,0,萬子1 西風 白ちゃん 白ちゃん 白ちゃん 發ちゃん 發ちゃん 發ちゃん 中ちゃん 中ちゃん | 萬子1 萬子2 萬子3
565,South,-17178,110,0.500,16054,,0,408,0,0,萬子1 筒子1 索子7 中ちゃん | 萬子8 萬子8 萬子8 筒子1 筒子2 筒子3 南風 南風 南風
566,South,-23513,109,0.500,22106,,0,80,0,0,萬子2 筒子3 筒子8 筒子9 北風 白ちゃん 白ちゃん | 索子6 索子7 索子8 發ちゃん 發ちゃん 發ちゃん
567,East,-34189,109,0.500,32720,,0,24,0,0,萬子3 萬子6 萬子8 筒子5 索子7 中ちゃん 中ちゃん | 萬子7 萬子8 萬子9 索子5 索子6 索子7
568,East,-7398,109,0.500,6478,,0,568,0,0,萬子1 萬子8 索子9 東風 西風 發ちゃん 中ちゃん | 筒子2 筒子3 筒子4 西風 西風 西風
569,East,10512,110,0.500,-11222,,0,832,0,0,西風 白ちゃん 發ちゃん 中ちゃん | 萬子9 萬子9 萬子9 筒子6 筒子6 筒子6 北風 北風 北風
570,East,-22752,110,0.500,21270,,0,16,0,0,萬子2 萬子4 萬子5赤ドラ 萬子8 筒子4 筒子5 索子4 發ちゃん 中ちゃん 中ちゃん | 筒子1 筒子2 筒子3
571,North,10640,110,0.500,-11194,,0,976,0,0,萬子2 萬子9 索子5赤ドラ 索子9 | 萬子4 萬子4 萬子4 索子8 索子8 索子8 西風 西風 西風
572,East,-9725,109,0.500,8720,,0,480,0,0,筒子8 索子1 索子2 索子7 南風 北風 發ちゃん | 萬子2 萬子2 萬子2 萬子3 萬子4 萬子5
573,South,-36953,109,0.500,35520,,0,52,0,0,萬子2 萬子3 萬子3 索子5 索子7 索子8 南風 | 索子3 索子4 索子4 索子5 索子5赤ドラ 索子6
574,East,280,110,0.500,-1406,,0,368,0,0,萬子2 萬子3 萬子4 萬子4 萬子5 萬子5 萬子6 筒子8 東風 白ちゃん | 發ちゃん 發ちゃん 發ちゃん
575,North,-19962,109,0.500,18576,,0,104,0,0,萬子1 筒子1 筒子1 筒子5赤ドラ 筒子8 索子2 索子7 | 索子1 索子2 索子3 索子9 索子9 索子9
576,North,6928,63,0.500,2072,北 白 五門斉,0,608,0,13,索子4 索子4 | 萬子6 萬子6 萬子6 筒子5 筒子6 筒子7 北風 北風 北風 白ちゃん 白ちゃん 白ちゃん
577,West,-21322,109,0.500,19962,,0,144,0,0,萬子4 萬子7 筒子5 白ちゃん 發ちゃん 發ちゃん 中ちゃん | 萬子1 萬子1 萬子1 索子2 索子3 索子4
578,East,-14558,109,0.500,13534,,0,464,0,0,萬子2 萬子3 萬子9 筒子8 索子1 索子5赤ドラ 白ちゃん | 萬子7 萬子8 萬子9 筒子1 筒子1 筒子1
579,West,11845,110,0.500,-12242,,0,840,0,1,發ちゃん 發ちゃん 中ちゃん 中ちゃん | 筒子4 筒子4 筒子4 筒子5 筒子5 筒子5赤ドラ 東風 東風 東風
580,South,-49587,110,0.500,48150,,0,84,0,0,萬子5 索子1 索子4 中ちゃん | 萬子1 萬子2 萬子3 索子2 索子3 索子3 索子4 索子4 索子5
581,East,-11795,109,0.500,10624,,0,328,0,0,萬子5 筒子3 筒子5 索子7 索子8 東風 中ちゃん | 筒子6 筒子6 筒子6 索子3 索子4 索子5
582,West,-28660,109,0.500,27630,,0,456,0,0,萬子1 筒子3 筒子6 筒子9 索子2 索子3 北風 | 筒子1 筒子2 筒子3 筒子7 筒子8 筒子9
583,West,-27422,110,0.500,25930,,0,0,0,0,筒子2 筒子4 筒子7 筒子8 索子3 索子8 南風 北風 北風 白ちゃん | 筒子6 筒子7 筒子8
584,North,-17013,109,0.500,15764,,0,248,0,0,萬子1 萬子1 索子4 索子4 南風 白ちゃん 發ちゃん | 萬子2 萬子2 萬子2 萬子7 萬子8 萬子9
585,North,13368,109,0.500,-14014,,0,840,0,0,萬子1 筒子4 索子3 索子4 南風 白ちゃん 發ちゃん | 筒子8 筒子8 筒子8 筒子9 筒子9 筒子9
586,East,-16742,110,0.500,15642,,0,440,0,0,萬子5 萬子7 筒子7 發ちゃん | 萬子8 萬子8 萬子8 筒子1 筒子2 筒子3 索子6 索子7 索子8
587,South,6664,109,0.500,-7546,,0,620,0,0,萬子1 萬子5 萬子6 萬子9 索子4 北風 發ちゃん | 萬子2 萬子2 萬子2 萬子3 萬子3 萬子3
588,North,-27268,109,0.500,25960,,0,184,0,0,萬子3 萬子8 筒子8 索子3 索子4 索子5 東風 | 筒子2 筒子3 筒子4 筒子4 筒子5 筒子6
589,South,-41197,109,0.500,39850,,0,144,0,0,萬子1 萬子1 筒子4 索子5 索子6 索子6 南風 | 筒子5赤ドラ 筒子6 筒子7 索子1 索子2 索子3
590,North,-6938,109,0.500,5820,,0,392,0,0,萬子1 萬子6 筒子1 筒子8 索子4 索子4 南風 | 筒子1 筒子2 筒子3 索子9 索子9 索子9
591,West,4079,110,0.500,-5074,,0,536,0,0,萬子1 萬子8 筒子1 筒子3 西風 西風 北風 白ちゃん 發ちゃん 發ちゃん | 東風 東風 東風
592,West,-8187,110,0.500,6720,,0,56,0,0,萬子4 萬子5赤ドラ 萬子9 筒子2 筒子8 筒子8 西風 西風 北風 發ちゃん | 筒子1 筒子2 筒子3
593,East,-22063,110,0.500,20600,,0,32,0,0,萬子1 萬子1 萬子9 索子1 索子1 索子3 索子7 索子9 南風 白ちゃん | 萬子2 萬子3 萬子4
594,East,-8778,110,0.500,7550,,0,292,0,0,萬子3 萬子4 萬子7 筒子2 索子9 東風 西風 西風 西風 白ちゃん | 筒子1 筒子2 筒子3
595,South,-26193,109,0.500,24850,,0,152,0,0,萬子2 萬子7 萬子9 索子6 索子8 西風 白ちゃん | 萬子2 萬子3 萬子4 萬子4 萬子5赤ドラ 萬子6
596,West,-17825,109,0.500,16762,,0,424,0,0,萬子1 萬子4 索子7 索子8 索子9 東風 白ちゃん | 索子2 索子3 索子4 索子8 索子8 索子8
597,South,-9783,110,0.500,8380,,0,124,0,0,萬子1 萬子2 萬子4 筒子2 筒子2 筒子2 筒子4 索子8 發ちゃん 發ちゃん | 索子7 索子8 索子9
598,West,-13560,109,0.500,12234,,0,184,0,0,萬子4 筒子1 筒子6 北風 發ちゃん 發ちゃん 中ちゃん | 萬子2 萬子2 萬子2 萬子6 萬子7 萬子8
599,South,-14252,110,0.500,13034,,0,328,0,0,萬子2 筒子6 索子2 索子4 | 萬子1 萬子2 萬子3 筒子2 筒子3 筒子4 北風 北風 北風
600,West,-6286,110,0.500,4816,,0,112,0,0,萬子3 索子4 東風 發ちゃん | 萬子6 萬子7 萬子8 西風 西風 西風 中ちゃん 中ちゃん 中ちゃん
601,East,3150,110,0.500,-4108,,0,600,0,0,萬子7 索子1 白ちゃん 中ちゃん | 萬子9 萬子9 萬子9 筒子7 筒子8 筒子9 南風 南風 南風
602,East,11756,110,0.500,-12340,,0,952,0,0,萬子2 萬子4 索子3 索子3 | 索子4 索子4 索子4 索子9 索子9 索子9 西風 西風 西風
603,West,-22784,110,0.500,21420,,0,124,0,0,萬子5赤ドラ 筒子3 筒子3 筒子5赤ドラ 筒子7 筒子9 筒子9 筒子9 東風 東風 | 筒子7 筒子8 筒子9
604,West,-33275,110,0.500,32094,,0,328,0,0,筒子7 索子2 索子6 索子9 | 萬子1 萬子2 萬子3 萬子4 萬子5 萬子6 南風 南風 南風
605,South,3973,110,0.500,-5110,,0,368,0,0,萬子3 筒子3 筒子5 筒子6 筒子6 索子5 索子5 南風 西風 發ちゃん | 萬子7 萬子7 萬子7
606,North,-10656,110,0.500,9700,,0,560,0,0,萬子3 北風 白ちゃん 發ちゃん | 萬子1 萬子1 萬子1 筒子2 筒子2 筒子2 索子2 索子3 索子4
607,West,17839,110,0.500,-17332,,0,1132,0,3,萬子1 萬子1 索子7 索子9 | 筒子9 筒子9 筒子9 西風 西風 西風 白ちゃん 白ちゃん 白ちゃん
608,West,-25058,110,0.500,23844,,0,316,0,0,萬子1 萬子9 筒子1 筒子8 | 萬子3 萬子4 萬子5赤ドラ 索子4 索子5 索子5 索子5赤ドラ 索子5 索子6
609,West,480,110,0.500,-1764,,0,232,0,0,萬子1 筒子8 索子4 索子7 索子7 東風 南風 南風 西風 西風 | 萬子4 萬子4 萬子4
610,North,10296,109,0.500,-11108,,0,680,0,0,萬子4 筒子1 筒子2 索子4 索子8 中ちゃん 中ちゃん | 筒子4 筒子4 筒子4 西風 西風 西風
611,West,5443,109,0.500,-6308,,0,624,0,0,萬子7 萬子8 筒子1 筒子8 索子3 西風 中ちゃん | 索子2 索子2 索子2 中ちゃん 中ちゃん 中ちゃん
612,North,-29413,110,0.500,28120,,0,252,0,0,筒子7 南風 白ちゃん 中ちゃん | 萬子1 萬子2 萬子2 萬子3 萬子3 萬子3 萬子4 萬子4 萬子5赤ドラ
613,South,10500,109,0.500,-11172,,0,816,0,0,萬子1 筒子3 索子5 南風 西風 白ちゃん 白ちゃん | 索子3 索子3 索子3 索子8 索子8 索子8
614,North,-24900,110,0.500,23550,,0,140,0,0,萬子1 筒子4 筒子4 筒子5 筒子7 索子3 索子4 索子6 索子9 中ちゃん | 筒子4 筒子5 筒子6
615,South,-21220,109,0.500,19908,,0,176,0,0,萬子8 筒子1 筒子6 索子3 索子3 索子5赤ドラ 索子8 | 筒子3 筒子3 筒子3 索子4 索子5 索子6
616,East,-11828,110,0.500,10752,,0,456,0,0,萬子7 索子1 索子4 中ちゃん | 萬子1 萬子1 萬子1 筒子4 筒子5 筒子6 北風 北風 北風
617,West,-39755,110,0.500,38342,,0,124,0,0,筒子5 索子3 索子6 發ちゃん | 筒子1 筒子2 筒子3 索子5 索子5 索子5 索子5赤ドラ 索子6 索子7
618,West,-20242,110,0.500,18960,,0,212,0,0,萬子4 萬子9 筒子4 索子2 索子3 索子4 索子8 索子8 索子8 發ちゃん | 筒子6 筒子7 筒子8
619,West,-40833,109,0.500,39390,,0,48,0,0,萬子5赤ドラ 筒子3 筒子8 索子2 索子7 南風 西風 | 筒子1 筒子2 筒子3 索子6 索子7 索子8
620,South,-53552,110,0.500,52020,,0,0,0,0,萬子3 萬子4 萬子5 索子1 | 萬子7 萬子8 萬子9 筒子6 筒子7 筒子8 索子3 索子4 索子5
621,North,1570,110,0.500,-2678,,0,384,0,0,萬子3 萬子5 筒子1 筒子1 筒子8 索子2 索子2 索子9 北風 白ちゃん | 東風 東風 東風
622,North,-16787,109,0.500,15510,,0,232,0,0,萬子3 萬子7 筒子5 筒子5 索子2 西風 西風 | 萬子4 萬子4 萬子4 索子7 索子8 索子9
623,West,-17594,109,0.500,16516,,0,416,0,0,萬子2 萬子7 筒子1 筒子2 筒子2 筒子4 索子4 | 萬子6 萬子7 萬子8 索子8 索子8 索子8
624,West,-25612,110,0.500,24530,,0,440,0,0,萬子1 萬子9 筒子6 索子6 | 筒子1 筒子2 筒子3 筒子5 筒子6 筒子7 白ちゃん 白ちゃん 白ちゃん
625,East,12243,109,0.500,-12788,,0,944,0,0,萬子2 萬子3 筒子5 西風 白ちゃん 白ちゃん 白ちゃん | 萬子2 萬子2 萬子2 萬子5赤ドラ 萬子5 萬子5
626,West,-16753,109,0.500,15446,,0,192,0,0,萬子1 萬子5 萬子5赤ドラ 筒子3 索子1 索子6 發ちゃん | 筒子4 筒子5赤ドラ 筒子6 東風 東風 東風
627,North,-30753,110,0.500,29604,,0,364,0,0,筒子9 索子7 索子9 西風 | 萬子5赤ドラ 萬子5 萬子5 筒子3 筒子4 筒子5 索子5赤ドラ 索子6 索子7
628,North,-31635,110,0.500,30210,,0,128,0,0,萬子4 筒子9 索子7 索子9 | 筒子2 筒子3 筒子4 筒子4 筒子5 筒子5赤ドラ 筒子6 筒子6 筒子7
629,West,5508,110,0.500,-6082,,0,956,0,0,筒子6 索子4 索子8 西風 | 萬子1 萬子1 萬子1 萬子1 萬子2 萬子3 萬子5赤ドラ 萬子5 萬子5
630,East,-5067,109,0.500,3650,,0,68,0,0,萬子2 萬子4 萬子5 筒子5 索子2 索子2 北風 北風 白ちゃん 發ちゃん 發ちゃん 發ちゃん 中ちゃん | 
631,East,-28223,109,0.500,27316,,0,592,0,0,筒子9 | 萬子2 萬子2 萬子2 索子1 索子2 索子3 索子3 索子4 索子5 索子9 索子9 索子9
632,North,-11885,110,0.500,10952,,0,584,0,0,萬子3 萬子4 筒子9 索子1 | 萬子1 萬子1 萬子1 萬子6 萬子7 萬子8 索子6 索子6 索子6
633,North,-26046,110,0.500,24956,,0,432,0,0,萬子2 萬子3 筒子6 西風 | 筒子1 筒子2 筒子3 筒子5 筒子6 筒子7 索子2 索子2 索子2
634,North,-27870,109,0.500,26370,,0,0,0,0,萬子1 萬子8 筒子4 筒子4 東風 南風 南風 | 萬子1 萬子2 萬子2 萬子3 萬子3 萬子4
635,West,-11812,110,0.500,10980,,0,680,0,0,索子2 南風 南風 南風 | 萬子2 萬子2 萬子2 索子5 索子6 索子7 西風 西風 西風
636,West,-28293,110,0.500,27000,,0,240,0,0,萬子4 萬子9 筒子9 西風 | 萬子2 萬子3 萬子4 索子5 索子6 索子7 南風 南風 南風
637,North,-6653,109,0.500,5200,,0,32,0,0,萬子1 萬子1 萬子2 萬子5赤ドラ 萬子9 筒子1 筒子3 筒子4 索子7 索子8 西風 白ちゃん 中ちゃん | 
638,South,4872,98,0.500,10860,三色小同刻,0,728,0,34,索子9 索子9 | 萬子9 萬子9 萬子9 筒子1 筒子2 筒子2 筒子3 筒子3 筒子4 筒子9 筒子9 筒子9
639,West,-3147,110,0.500,2094,,0,480,0,0,萬子6 筒子3 索子7 南風 | 萬子4 萬子5赤ドラ 萬子6 筒子4 筒子5 筒子6 筒子9 筒子9 筒子9
640,West,-27227,110,0.500,26114,,0,408,0,0,萬子5赤ドラ 索子2 索子5 中ちゃん | 萬子2 萬子2 萬子2 筒子2 筒子3 筒子4 索子3 索子4 索子5赤ドラ
641,East,-8372,109,0.500,7308,,0,424,0,0,萬子2 萬子3 萬子7 筒子1 索子2 索子7 索子9 | 萬子4 萬子5 萬子6 北風 北風 北風
642,West,6193,110,0.500,-7164,,0,520,0,0,萬子1 萬子2 萬子2 萬子7 索子2 索子8 南風 北風 發ちゃん 中ちゃん | 萬子4 萬子4 萬子4
643,South,-26167,110,0.500,24680,,0,0,0,0,萬子1 萬子3 萬子4 萬子8 筒子4 索子8 索子8 西風 北風 白ちゃん | 萬子4 萬子5 萬子6
644,South,-6787,110,0.500,5340,,0,84,0,0,萬子1 萬子2 萬子4 萬子7 索子1 東風 白ちゃん 白ちゃん 白ちゃん 中ちゃん | 筒子2 筒子3 筒子4
645,East,-11435,109,0.500,10354,,0,408,0,0,萬子1 萬子2 筒子6 索子3 西風 西風 白ちゃん | 索子5赤ドラ 索子6 索子7 北風 北風 北風
646,East,-37040,109,0.500,35720,,0,200,0,0,南風 | 萬子4 萬子5 萬子5赤ドラ 萬子6 萬子6 萬子7 筒子5 筒子6 筒子7 西風 西風 西風
647,North,2020,109,0.500,-2864,,0,652,0,0,萬子1 筒子7 筒子7 索子1 索子5 南風 中ちゃん | 筒子4 筒子4 筒子4 筒子7 筒子8 筒子9
648,East,-22861,110,0.500,21350,,0,40,0,0,萬子2 筒子2 索子3 索子9 | 萬子3 萬子4 萬子5 筒子1 筒子2 筒子3 索子4 索子4 索子4
649,East,-15628,110,0.500,14230,,0,104,0,0,萬子4 萬子4 筒子5 索子1 索子1 索子5 南風 南風 發ちゃん 發ちゃん | 索子3 索子4 索子5赤ドラ
650,West,-18418,109,0.500,17232,,0,304,0,0,萬子5 萬子6 筒子7 筒子7 索子3 索子6 西風 | 萬子9 萬子9 萬子9 索子2 索子3 索子4
651,South,-16117,110,0.500,14720,,0,116,0,0,萬子3 萬子4 萬子7 萬子9 萬子9 萬子9 筒子5赤ドラ 筒子8 筒子8 筒子9 | 萬子3 萬子4 萬子5
652,East,-28481,109,0.500,26980,,0,0,0,0,萬子1 萬子1 萬子2 萬子8 筒子6 筒子9 南風 | 索子2 索子2 索子3 索子3 索子4 索子4
653,West,-5368,109,0.500,3964,,0,128,0,0,筒子1 筒子7 索子3 索子4 索子5 索子7 索子8 | 萬子2 萬子2 萬子2 萬子4 萬子5 萬子6
654,East,620,110,0.500,-1818,,0,304,0,0,萬子1 萬子2 萬子5赤ドラ 萬子6 筒子3 筒子4 筒子6 筒子9 索子7 索子9 | 萬子4 萬子4 萬子4
655,South,-13188,110,0.500,12230,,0,560,0,0,萬子9 索子6 索子9 北風 | 筒子7 筒子7 筒子7 索子4 索子5 索子6 東風 東風 東風
656,North,-39729,110,0.500,38346,,0,152,0,0,萬子1 萬子9 筒子3 筒子5 | 萬子4 萬子4 萬子4 萬子5 萬子6 萬子7 筒子3 筒子4 筒子5赤ドラ
657,West,-20076,109,0.500,19200,,0,640,0,0,萬子3 | 萬子2 萬子2 萬子2 筒子4 筒子5 筒子6 索子1 索子1 索子1 索子7 索子8 索子9
658,North,-25563,109,0.500,24260,,0,184,0,0,萬子7 筒子6 索子1 索子4 索子5 索子8 南風 | 索子3 索子4 索子5赤ドラ 索子7 索子8 索子9
659,South,3412,110,0.500,-4280,,0,680,0,0,筒子2 筒子9 索子2 中ちゃん | 萬子1 萬子1 萬子1 萬子2 萬子3 萬子4 索子1 索子1 索子1
660,North,-56578,110,0.500,55120,,0,52,0,0,索子1 索子3 索子3 索子7 | 筒子6 筒子7 筒子8 索子2 索子3 索子4 索子5 索子6 索子7
661,East,-2683,110,0.500,1332,,0,176,0,0,萬子2 萬子4 萬子6 筒子3 筒子4 筒子5赤ドラ 筒子5 筒子8 索子6 北風 | 筒子6 筒子6 筒子6
662,North,-8072,109,0.500,6852,,0,300,0,0,萬子3 萬子9 萬子9 筒子2 筒子2 索子6 索子9 | 萬子5 萬子6 萬子7 東風 東風 東風
663,West,-7508,110,0.500,6744,,0,744,0,0,筒子3 筒子9 發ちゃん 中ちゃん | 筒子5赤ドラ 筒子5 筒子5 索子4 索子5 索子6 南風 南風 南風
664,West,-13986,110,0.500,12984,,0,528,0,0,筒子9 索子4 東風 南風 | 萬子4 萬子5赤ドラ 萬子6 萬子8 萬子8 萬子8 筒子6 筒子6 筒子6
665,West,-39535,109,0.500,38000,,0,16,0,0,發ちゃん | 筒子2 筒子3 筒子4 筒子4 筒子5赤ドラ 筒子6 索子3 索子4 索子5 索子5 索子6 索子7
666,East,-34692,110,0.500,33554,,0,376,0,0,萬子3 萬子5 筒子4 筒子5 | 萬子4 萬子5 萬子6 筒子2 筒子2 筒子2 筒子4 筒子5 筒子6
667,West,-10132,110,0.500,8988,,0,396,0,0,萬子7 筒子4 筒子8 北風 | 筒子4 筒子5 筒子6 索子3 索子3 索子3 索子6 索子7 索子8
668,West,10914,109,0.500,-11600,,0,800,0,0,萬子1 筒子1 索子2 索子8 北風 發ちゃん 中ちゃん | 索子5 索子5 索子5赤ドラ 北風 北風 北風
669,South,-7691,110,0.500,6310,,0,148,0,0,萬子2 萬子8 筒子2 筒子5 索子1 索子1 索子1 索子2 索子6 索子6 | 索子7 索子8 索子9
670,South,-27091,109,0.500,25728,,0,124,0,0,萬子1 萬子2 萬子3 萬子9 筒子7 索子2 索子2 | 萬子3 萬子4 萬子5 筒子6 筒子6 筒子6
671,North,-31973,109,0.500,30670,,0,224,0,0,索子6 | 萬子4 萬子5 萬子6 萬子7 萬子8 萬子9 筒子1 筒子1 筒子1 索子5 索子5 索子5
672,North,-16834,109,0.500,15714,,0,368,0,0,萬子1 筒子9 筒子9 索子1 索子3 索子8 西風 | 筒子2 筒子3 筒子4 筒子6 筒子6 筒子6
673,South,-24337,110,0.500,23000,,0,148,0,0,萬子2 萬子6 萬子6 萬子6 筒子3 索子4 索子6 東風 東風 白ちゃん | 筒子4 筒子5 筒子6
674,North,10761,109,0.500,-11484,,0,788,0,0,筒子5 筒子6 筒子6 東風 南風 中ちゃん 中ちゃん | 索子9 索子9 索子9 東風 東風 東風
675,South,-23763,109,0.500,22458,,0,184,0,0,萬子4 萬子5赤ドラ 萬子8 筒子1 筒子3 索子8 發ちゃん | 萬子1 萬子1 萬子1 筒子3 筒子4 筒子5
676,West,-25219,110,0.500,23960,,0,280,0,0,筒子9 筒子9 索子8 白ちゃん | 筒子1 筒子2 筒子3 筒子4 筒子5 筒子6 索子6 索子6 索子6
677,North,-2024,110,0.500,1296,,0,796,0,0,萬子7 索子5 東風 中ちゃん | 萬子5 萬子5赤ドラ 萬子5 索子1 索子1 索子1 索子2 索子3 索子4
678,North,-32934,110,0.500,31646,,0,240,0,0,萬子9 筒子4 索子2 索子8 | 萬子2 萬子3 萬子4 筒子1 筒子1 筒子1 筒子2 筒子3 筒子4
679,South,-31410,109,0.500,30398,,0,496,0,0,筒子4 | 萬子3 萬子4 萬子5 萬子6 萬子7 萬子8 索子3 索子3 索子3 白ちゃん 白ちゃん 白ちゃん
680,North,-54447,102,0.500,57960,三色通貫,0,0,0,6,中ちゃん 中ちゃん | 萬子1 萬子2 萬子3 筒子4 筒子5 筒子6 筒子6 筒子7 筒子8 索子7 索子8 索子9
681,North,-36450,110,0.500,35292,,0,344,0,0,筒子8 東風 西風 西風 | 萬子1 萬子2 萬子3 筒子5 筒子5 筒子5赤ドラ 索子4 索子5 索子6
682,North,-21552,109,0.500,20160,,0,120,0,0,索子2 索子3 索子6 索子7 索子8 索子8 白ちゃん | 萬子2 萬子3 萬子4 索子3 索子4 索子5
683,South,9765,109,0.500,-10588,,0,664,0,0,萬子1 萬子5 筒子3 筒子4 筒子4 筒子5 索子5 | 索子3 索子3 索子3 發ちゃん 發ちゃん 發ちゃん
684,East,-40166,110,0.500,38872,,0,224,0,0,筒子2 筒子7 索子9 發ちゃん | 萬子1 萬子1 萬子1 萬子4 萬子5 萬子6 筒子4 筒子5 筒子6
685,West,-17219,109,0.500,16190,,0,456,0,0,萬子9 筒子7 索子3 南風 西風 白ちゃん 發ちゃん | 萬子1 萬子1 萬子1 萬子6 萬子7 萬子8
686,North,-61206,109,0.500,59690,,0,0,0,0,萬子9 | 萬子3 萬子4 萬子5 萬子5 萬子6 萬子7 筒子1 筒子2 筒子3 筒子3 筒子4 筒子5
687,West,-9438,110,0.500,8000,,0,92,0,0,萬子1 萬子1 萬子1 萬子2 筒子2 筒子2 筒子8 索子6 索子9 發ちゃん | 索子7 索子8 索子9
688,South,1650,110,0.500,-2722,,0,416,0,0,萬子1 筒子1 筒子5 筒子7 索子5 索子5 索子6 索子6 索子7 南風 | 萬子5 萬子5赤ドラ 萬子5
689,North,-23259,109,0.500,21830,,0,64,0,0,萬子4 筒子7 筒子7 索子2 索子6 北風 白ちゃん | 萬子1 萬子2 萬子3 索子5 索子6 索子7
690,North,-41981,110,0.500,40580,,0,136,0,0,萬子5 索子1 索子7 索子7 | 萬子5 萬子6 萬子7 筒子2 筒子3 筒子4 筒子6 筒子7 筒子8
691,South,-22510,110,0.500,21070,,0,48,0,0,萬子2 萬子2 萬子3 萬子4 萬子5 筒子3 南風 北風 北風 發ちゃん | 筒子4 筒子5 筒子6
692,East,-17110,110,0.500,15916,,0,352,0,0,筒子5 筒子9 索子6 索子9 | 萬子6 萬子7 萬子8 筒子3 筒子3 筒子3 筒子7 筒子8 筒子9
693,North,-40235,109,0.500,38740,,0,0,0,0,萬子1 筒子3 筒子5 東風 南風 西風 西風 | 索子1 索子2 索子3 索子6 索子7 索子8
694,North,-14201,110,0.500,13228,,0,536,0,0,萬子9 筒子5 南風 發ちゃん | 萬子4 萬子4 萬子4 筒子4 筒子5赤ドラ 筒子6 南風 南風 南風
695,West,-18286,110,0.500,17110,,0,360,0,0,筒子2 南風 西風 發ちゃん | 萬子3 萬子3 萬子3 筒子3 筒子3 筒子3 索子3 索子4 索子5赤ドラ
696,West,-35234,109,0.500,34242,,0,516,0,0,筒子7 | 萬子4 萬子5 萬子6 筒子1 筒子2 筒子3 筒子5赤ドラ 筒子5 筒子5 東風 東風 東風
697,West,-32280,110,0.500,31058,,0,296,0,0,筒子3 南風 發ちゃん 中ちゃん | 筒子6 筒子7 筒子8 索子3 索子4 索子5 索子8 索子8 索子8
698,South,6216,110,0.500,-7274,,0,448,0,0,萬子4 筒子2 索子1 索子3 索子3 索子8 西風 北風 中ちゃん 中ちゃん | 南風 南風 南風
699,South,-45699,110,0.500,44210,,0,40,0,0,萬子9 筒子2 筒子6 發ちゃん | 萬子1 萬子2 萬子3 萬子4 萬子5赤ドラ 萬子6 索子7 索子8 索子9
700,North,-35328,109,0.500,33840,,0,0,0,0,萬子9 筒子2 筒子2 索子3 索子5赤ドラ 發ちゃん 中ちゃん | 萬子6 萬子7 萬子8 筒子6 筒子7 筒子8
701,West,-60573,110,0.500,59070,,0,0,0,0,萬子3 索子4 南風 中ちゃん | 萬子5赤ドラ 萬子6 萬子7 索子2 索子3 索子4 索子5赤ドラ 索子6 索子7
702,East,-37813,109,0.500,36350,,0,24,0,0,萬子3 萬子5 筒子1 筒子1 筒子8 索子4 索子4 | 萬子7 萬子8 萬子9 索子1 索子2 索子3
703,North,-4852,110,0.500,3370,,0,56,0,0,萬子2 萬子3 筒子2 筒子2 筒子8 索子6 索子9 東風 南風 中ちゃん | 萬子6 萬子7 萬子8
704,South,-10019,110,0.500,8540,,0,52,0,0,萬子5 萬子7 筒子1 筒子1 筒子1 筒子6 索子8 索子8 北風 中ちゃん | 萬子3 萬子4 萬子5赤ドラ
705,West,2532,110,0.500,-3688,,0,376,0,0,萬子2 萬子2 萬子4 萬子5 萬子5 萬子8 索子3 東風 西風 西風 | 萬子9 萬子9 萬子9
706,East,8893,109,0.500,-9730,,0,656,0,0,萬子2 萬子2 萬子4 索子2 索子2 索子9 西風 | 萬子7 萬子7 萬子7 白ちゃん 白ちゃん 白ちゃん
707,North,-16435,109,0.500,15312,,0,364,0,0,萬子1 萬子1 筒子4 筒子8 筒子9 東風 西風 | 萬子3 萬子3 萬子3 索子7 索子8 索子9
708,West,1495,110,0.500,-2414,,0,616,0,0,索子6 東風 中ちゃん 中ちゃん | 萬子2 萬子2 萬子2 筒子2 筒子2 筒子2 筒子5 筒子6 筒子7
709,South,-20315,110,0.500,19130,,0,312,0,0,萬子5 萬子8 筒子3 筒子7 筒子8 索子7 東風 南風 北風 白ちゃん | 筒子1 筒子2 筒子3
710,North,-18885,109,0.500,17840,,0,440,0,0,萬子1 萬子4 筒子1 筒子5 西風 西風 白ちゃん | 萬子7 萬子8 萬子9 中ちゃん 中ちゃん 中ちゃん
711,South,-32388,110,0.500,31276,,0,400,0,0,萬子4 索子4 索子5赤ドラ 索子7 | 萬子3 萬子4 萬子5 萬子6 萬子7 萬子8 筒子5 筒子5 筒子5赤ドラ
712,South,-8290,110,0.500,7658,,0,856,0,0,萬子4 萬子5 發ちゃん 發ちゃん | 筒子3 筒子4 筒子5赤ドラ 索子6 索子6 索子6 中ちゃん 中ちゃん 中ちゃん
713,West,-23541,110,0.500,22150,,0,104,0,0,萬子5 萬子6 萬子9 筒子2 筒子3 筒子6 索子6 索子9 東風 白ちゃん | 萬子6 萬子7 萬子8
714,North,-31276,109,0.500,29820,,0,48,0,0,萬子2 索子1 索子2 索子3 索子5赤ドラ 北風 中ちゃん | 索子4 索子5 索子6 索子7 索子8 索子9
715,South,-11967,109,0.500,10960,,0,488,0,0,萬子2 筒子5赤ドラ 索子3 索子3 索子6 北風 發ちゃん | 萬子2 萬子3 萬子4 索子1 索子1 索子1
716,North,1915,110,0.500,-3104,,0,312,0,0,筒子2 筒子3 筒子4 筒子5 筒子6 索子4 白ちゃん 發ちゃん 發ちゃん 中ちゃん | 萬子1 萬子1 萬子1
717,East,-32260,110,0.500,30860,,0,128,0,0,萬子8 筒子3 索子5 索子8 | 萬子3 萬子4 萬子5 筒子5赤ドラ 筒子5 筒子6 筒子6 筒子7 筒子7
718,North,-24483,110,0.500,23040,,0,48,0,0,萬子2 筒子3 索子5 索子5 索子9 東風 白ちゃん 白ちゃん 發ちゃん 發ちゃん | 筒子1 筒子2 筒子3
719,East,-25990,109,0.500,24500,,0,24,0,0,萬子9 筒子1 筒子9 西風 北風 白ちゃん 發ちゃん | 萬子3 萬子4 萬子5 索子3 索子4 索子5
720,South,-41150,110,0.500,39930,,0,292,0,0,萬子2 筒子5 索子3 索子4 | 萬子6 萬子7 萬子8 筒子9 筒子9 筒子9 索子6 索子7 索子8
721,East,-57838,110,0.500,56380,,0,52,0,0,筒子7 筒子7 筒子7 索子8 | 萬子3 萬子4 萬子5 萬子7 萬子8 萬子9 筒子1 筒子2 筒子3
722,West,-14624,110,0.500,13728,,0,628,0,0,萬子6 筒子2 索子6 索子8 | 萬子3 萬子3 萬子3 筒子7 筒子8 筒子9 北風 北風 北風
723,South,-24839,110,0.500,23480,,0,128,0,0,萬子1 萬子8 萬子9 筒子3 筒子7 索子6 索子7 白ちゃん 發ちゃん 發ちゃん | 筒子2 筒子3 筒子4
724,South,-20237,109,0.500,19110,,0,360,0,0,萬子1 萬子9 筒子4 筒子4 筒子6 白ちゃん 發ちゃん | 萬子1 萬子2 萬子3 筒子7 筒子7 筒子7
725,East,-14646,109,0.500,13576,,0,416,0,0,萬子3 筒子3 筒子6 索子6 北風 發ちゃん 發ちゃん | 筒子2 筒子3 筒子4 南風 南風 南風
726,West,2705,109,0.500,-3732,,0,488,0,0,萬子2 萬子5 筒子9 西風 西風 北風 中ちゃん | 萬子1 萬子1 萬子1 南風 南風 南風
727,West,928,109,0.500,-1966,,0,448,0,0,萬子1 萬子2 萬子4 筒子3 索子5 南風 中ちゃん | 筒子5赤ドラ 筒子5 筒子5 西風 西風 西風
728,North,-6705,109,0.500,5400,,0,180,0,0,萬子1 萬子3 萬子3 萬子4 索子6 索子7 索子9 索子9 索子9 南風 西風 白ちゃん 發ちゃん | 
729,South,708,109,0.500,-1828,,0,384,0,0,萬子1 萬子5 筒子1 筒子3 索子2 索子2 白ちゃん | 萬子4 萬子4 萬子4 索子4 索子4 索子4
730,South,-21065,110,0.500,19620,,0,48,0,0,萬子1 萬子6 萬子6 萬子7 萬子8 南風 北風 白ちゃん 中ちゃん 中ちゃん | 萬子3 萬子4 萬子5赤ドラ
731,South,-8819,109,0.500,7592,,0,280,0,0,筒子4 索子2 索子6 索子6 索子8 東風 西風 | 萬子4 萬子4 萬子4 索子1 索子2 索子3
732,South,-42988,110,0.500,41480,,0,24,0,0,萬子9 筒子3 筒子7 發ちゃん | 萬子1 萬子2 萬子2 萬子3 萬子3 萬子4 萬子5赤ドラ 萬子6 萬子7
733,East,-36700,109,0.500,35210,,0,0,0,0,萬子2 索子5 索子7 東風 西風 發ちゃん 中ちゃん | 筒子2 筒子3 筒子4 索子1 索子2 索子3
734,West,-4311,110,0.500,3310,,0,540,0,0,筒子1 索子4 索子8 中ちゃん | 萬子3 萬子4 萬子5 萬子5 萬子5 萬子5赤ドラ 索子8 索子8 索子8
735,North,4806,110,0.500,-5912,,0,392,0,0,萬子2 萬子4 萬子8 筒子2 筒子2 筒子3 筒子6 索子2 東風 白ちゃん | 筒子8 筒子8 筒子8
736,East,-11011,110,0.500,9580,,0,96,0,0,萬子2 萬子5 萬子8 筒子1 筒子2 筒子5赤ドラ 索子8 索子9 發ちゃん 中ちゃん | 索子2 索子3 索子4
737,South,1019,109,0.500,-2044,,0,468,0,0,筒子2 筒子3 筒子8 筒子8 索子4 索子6 白ちゃん | 索子4 索子4 索子4 索子6 索子6 索子6
738,West,-16238,110,0.500,14970,,0,280,0,0,筒子1 筒子3 索子1 中ちゃん | 萬子3 萬子4 萬子5赤ドラ 索子7 索子8 索子9 西風 西風 西風
739,North,-32305,109,0.500,30880,,0,60,0,0,萬子1 萬子2 萬子2 筒子4 索子3 索子6 南風 | 萬子2 萬子3 萬子4 萬子6 萬子7 萬子8
740,South,-25257,109,0.500,23800,,0,40,0,0,萬子7 萬子8 筒子3 索子1 索子1 索子2 東風 | 萬子7 萬子7 萬子8 萬子8 萬子9 萬子9
741,West,-19593,109,0.500,18474,,0,368,0,0,萬子4 萬子5赤ドラ 萬子5 萬子8 索子7 南風 發ちゃん | 萬子7 萬子8 萬子9 北風 北風 北風
742,North,-5841,109,0.500,4500,,0,144,0,0,萬子1 萬子4 萬子9 筒子9 索子2 索子2 索子4 索子6 東風 東風 發ちゃん 中ちゃん 中ちゃん | 
743,North,-11380,109,0.500,10334,,0,448,0,0,萬子2 萬子9 筒子7 索子1 索子5赤ドラ 索子8 發ちゃん | 萬子4 萬子5赤ドラ 萬子6 北風 北風 北風
744,West,-19019,61,0.500,25220,一気通貫,0,60,0,12,索子7 索子8 索子9 白ちゃん 白ちゃん | 萬子1 萬子1 萬子1 索子1 索子2 索子3 索子4 索子5 索子6
745,North,-2831,110,0.500,2066,,0,752,0,0,筒子3 索子2 索子5赤ドラ 索子9 | 索子6 索子6 索子6 索子7 索子8 索子9 發ちゃん 發ちゃん 發ちゃん
746,South,-3651,110,0.500,2378,,0,240,0,0,萬子6 萬子9 筒子3 索子2 索子4 索子6 索子8 索子9 北風 發ちゃん | 西風 西風 西風
747,West,7797,109,0.500,-8852,,0,456,0,0,萬子7 萬子7 筒子9 索子6 索子6 東風 東風 | 萬子4 萬子4 萬子4 白ちゃん 白ちゃん 白ちゃん
748,North,-47118,109,0.500,45630,,0,0,0,0,萬子2 索子1 西風 西風 白ちゃん 發ちゃん 中ちゃん | 萬子1 萬子2 萬子3 索子1 索子2 索子3
749,West,-9323,109,0.500,8634,,0,800,0,0,萬子1 筒子3 筒子3 索子6 白ちゃん 中ちゃん 中ちゃん | 筒子2 筒子3 筒子4 索子7 索子7 索子7
750,West,-46590,109,0.500,45100,,0,0,0,0,萬子2 筒子9 索子1 索子3 索子7 南風 南風 | 筒子1 筒子2 筒子3 筒子4 筒子5赤ドラ 筒子6
751,South,-20240,109,0.500,19160,,0,408,0,0,萬子1 萬子5赤ドラ 萬子5 索子4 東風 發ちゃん 中ちゃん | 萬子1 萬子2 萬子3 索子2 索子3 索子4
752,West,-57535,110,0.500,56020,,0,0,0,0,萬子5 東風 南風 西風 | 萬子2 萬子3 萬子4 萬子7 萬子8 萬子9 筒子5赤ドラ 筒子6 筒子7
753,East,4342,110,0.500,-5004,,0,856,0,0,萬子1 萬子1 白ちゃん 發ちゃん | 萬子2 萬子2 萬子2 索子3 索子4 索子5 索子9 索子9 索子9
754,West,-41901,110,0.500,40774,,0,368,0,0,萬子1 西風 北風 發ちゃん | 筒子7 筒子8 筒子9 索子2 索子2 索子2 索子4 索子5 索子6
755,West,-12436,110,0.500,11362,,0,464,0,0,索子1 索子5 索子5 索子9 | 萬子1 萬子2 萬子3 筒子7 筒子7 筒子7 北風 北風 北風
756,West,-22138,109,0.500,20778,,0,136,0,0,萬子2 筒子5 筒子6 筒子7 索子9 東風 北風 | 筒子4 筒子4 筒子4 索子4 索子5 索子6
757,West,-8514,109,0.500,7274,,0,280,0,0,萬子3 萬子6 萬子6 萬子8 筒子2 東風 中ちゃん | 索子4 索子5 索子6 北風 北風 北風
758,South,7921,109,0.500,-8690,,0,720,0,0,萬子1 萬子1 萬子3 萬子3 筒子5 筒子6 筒子7 | 萬子7 萬子7 萬子7 索子4 索子4 索子4
759,East,-21340,110,0.500,19860,,0,24,0,0,萬子3 萬子4 萬子6 萬子9 筒子2 筒子7 索子1 索子5 索子5 索子6 | 筒子6 筒子7 筒子8
760,North,-40306,110,0.500,38984,,0,216,0,0,萬子4 索子4 東風 北風 | 索子3 索子4 索子5 索子6 索子7 索子8 中ちゃん 中ちゃん 中ちゃん
761,North,-13726,109,0.500,12720,,0,480,0,0,萬子4 筒子6 筒子8 索子1 索子5 南風 白ちゃん | 萬子3 萬子3 萬子3 萬子4 萬子5赤ドラ 萬子6
762,West,-47309,109,0.500,46182,,0,376,0,0,索子1 | 萬子1 萬子2 萬子3 萬子7 萬子7 萬子7 筒子2 筒子3 筒子4 筒子4 筒子5 筒子6
763,North,-5572,109,0.500,4176,,0,136,0,0,索子1 索子3 索子7 索子9 東風 白ちゃん 白ちゃん | 索子2 索子2 索子2 北風 北風 北風
764,South,-6012,109,0.500,4884,,0,376,0,0,萬子9 筒子3 索子2 索子4 北風 北風 中ちゃん | 索子1 索子1 索子1 索子6 索子7 索子8
765,South,-28627,109,0.500,27456,,0,352,0,0,發ちゃん | 筒子1 筒子2 筒子3 筒子9 筒子9 筒子9 索子7 索子8 索子8 索子8 索子8 索子9
766,East,-16978,110,0.500,15530,,0,64,0,0,萬子2 筒子4 筒子5 筒子7 筒子8 索子7 東風 西風 西風 發ちゃん | 索子4 索子5 索子6
767,West,-13766,110,0.500,12544,,0,328,0,0,萬子1 索子8 南風 中ちゃん | 萬子1 萬子2 萬子3 萬子6 萬子6 萬子6 索子7 索子8 索子9
768,West,-19137,109,0.500,18102,,0,452,0,0,萬子1 索子5 索子5 索子5赤ドラ 西風 西風 北風 | 筒子1 筒子1 筒子1 索子1 索子2 索子3
769,North,-43381,109,0.500,41930,,0,40,0,0,萬子5 萬子5 索子2 索子8 南風 中ちゃん 中ちゃん | 筒子4 筒子5赤ドラ 筒子6 索子1 索子2 索子3
770,East,-6797,109,0.500,5652,,0,352,0,0,萬子1 萬子2 筒子6 北風 白ちゃん 發ちゃん 中ちゃん | 萬子6 萬子6 萬子6 筒子3 筒子4 筒子5赤ドラ
771,East,-16503,110,0.500,15440,,0,428,0,0,萬子3 萬子3 筒子1 筒子1 筒子3 筒子8 東風 東風 東風 發ちゃん | 索子6 索子7 索子8
772,West,-12502,110,0.500,11644,,0,648,0,0,萬子9 筒子9 東風 白ちゃん | 萬子3 萬子3 萬子3 索子7 索子8 索子9 發ちゃん 發ちゃん 發ちゃん
773,South,-27669,109,0.500,26250,,0,72,0,0,萬子9 筒子9 索子8 索子9 南風 西風 白ちゃん | 筒子6 筒子7 筒子8 索子7 索子8 索子9
774,West,5205,110,0.500,-6064,,0,632,0,0,萬子4 萬子7 萬子9 筒子1 筒子3 筒子4 索子8 南風 發ちゃん 發ちゃん | 筒子7 筒子7 筒子7
775,West,-25423,110,0.500,23860,,0,0,0,0,萬子7 筒子9 索子1 發ちゃん | 筒子2 筒子3 筒子4 索子1 索子2 索子3 索子7 索子8 索子9
776,South,-8153,110,0.500,6650,,0,32,0,0,萬子5赤ドラ 萬子7 筒子7 筒子8 索子2 索子2 索子5 索子8 索子9 南風 | 萬子2 萬子3 萬子4
777,West,-12611,110,0.500,11170,,0,72,0,0,萬子3 萬子6 筒子2 筒子5 筒子5赤ドラ 筒子7 南風 西風 西風 北風 | 筒子6 筒子7 筒子8
778,West,-1387,109,0.500,250,,0,348,0,0,萬子3 萬子4 萬子7 筒子2 筒子3 筒子4 筒子4 南風 南風 西風 西風 西風 北風 | 
779,East,1917,110,0.500,-2998,,0,416,0,0,萬子1 萬子1 萬子3 萬子6 筒子2 筒子4 筒子7 索子4 北風 北風 | 西風 西風 西風
780,South,-23805,110,0.500,22460,,0,144,0,0,萬子3 筒子5赤ドラ 筒子7 筒子9 索子5赤ドラ 索子5 索子7 北風 白ちゃん 發ちゃん | 索子6 索子7 索子8
781,South,-20406,109,0.500,19268,,0,352,0,0,萬子6 索子2 索子9 東風 東風 南風 西風 | 筒子2 筒子2 筒子2 索子5 索子6 索子7
782,West,-6371,109,0.500,5188,,0,320,0,0,萬子1 萬子3 萬子4 索子1 南風 南風 西風 | 筒子4 筒子4 筒子4 索子6 索子7 索子8
783,North,-8885,109,0.500,7400,,0,0,0,0,萬子1 萬子2 萬子5赤ドラ 筒子3 筒子4 筒子4 索子2 索子8 索子9 東風 南風 北風 白ちゃん | 
784,North,-12440,109,0.500,11350,,0,400,0,0,萬子1 萬子1 萬子2 萬子6 索子4 索子9 發ちゃん | 萬子7 萬子8 萬子9 筒子7 筒子7 筒子7
785,East,-20939,109,0.500,19716,,0,320,0,0,筒子7 | 萬子2 萬子3 萬子3 萬子4 萬子4 萬子5 索子1 索子2 索子3 發ちゃん 發ちゃん 發ちゃん
786,North,-3923,109,0.500,3014,,0,580,0,0,萬子2 索子4 索子6 索子6 索子8 索子9 發ちゃん | 索子2 索子2 索子2 索子4 索子5 索子6
787,East,-6450,109,0.500,5306,,0,352,0,0,萬子7 萬子8 筒子1 筒子2 筒子4 索子9 中ちゃん | 萬子5 萬子6 萬子7 北風 北風 北風
788,North,-34071,109,0.500,32740,,0,200,0,0,東風 | 萬子2 萬子2 萬子2 萬子3 萬子4 萬子5赤ドラ 索子7 索子8 索子9 南風 南風 南風
789,South,4432,109,0.500,-5446,,0,488,0,0,萬子1 萬子3 萬子8 筒子5 索子5 索子7 北風 | 萬子2 萬子2 萬子2 萬子6 萬子6 萬子6
790,West,-14645,110,0.500,13350,,0,200,0,0,萬子2 萬子3 萬子3 筒子9 索子5 索子7 索子7 東風 南風 發ちゃん | 索子4 索子5 索子6
791,West,-20348,109,0.500,19036,,0,184,0,0,萬子4 筒子7 索子6 索子9 白ちゃん 發ちゃん 中ちゃん | 萬子2 萬子2 萬子2 索子3 索子4 索子5
792,West,-19750,110,0.500,18598,,0,376,0,0,筒子8 筒子8 索子1 北風 | 萬子1 萬子2 萬子3 索子2 索子2 索子2 索子4 索子5 索子6
793,North,-32799,109,0.500,31290,,0,0,0,0,萬子1 萬子3 筒子7 南風 白ちゃん 發ちゃん 發ちゃん | 筒子6 筒子7 筒子8 索子6 索子7 索子8
794,South,-11721,109,0.500,10614,,0,392,0,0,萬子8 筒子6 索子6 南風 白ちゃん 白ちゃん 發ちゃん | 萬子4 萬子5 萬子6 萬子6 萬子6 萬子6
795,East,-20768,109,0.500,19496,,0,220,0,0,萬子3 筒子5 筒子6 筒子9 索子7 中ちゃん 中ちゃん | 萬子6 萬子6 萬子6 萬子6 萬子7 萬子8
796,South,-32449,109,0.500,31230,,0,280,0,0,萬子1 萬子3 筒子9 索子4 索子8 索子8 東風 | 筒子7 筒子8 筒子9 索子5 索子6 索子7
797,North,-37564,109,0.500,36240,,0,168,0,0,萬子6 萬子8 索子8 東風 西風 北風 發ちゃん | 萬子1 萬子2 萬子3 索子3 索子4 索子5
798,West,-37450,87,0.500,43048,五門斉,0,256,0,11,中ちゃん 中ちゃん | 萬子3 萬子4 萬子5 筒子1 筒子2 筒子3 索子6 索子7 索子8 東風 東風 東風
799,East,-42898,109,0.500,41450,,0,40,0,0,萬子1 筒子2 筒子2 筒子3 筒子8 索子6 東風 | 萬子7 萬子8 萬子9 索子4 索子5 索子6
800,South,2741,110,0.500,-3800,,0,504,0,0,筒子4 筒子5赤ドラ 索子2 索子7 | 萬子2 萬子2 萬子2 索子2 索子2 索子2 索子6 索子6 索子6
801,West,-40239,109,0.500,38750,,0,0,0,0,筒子1 筒子4 筒子5 索子9 南風 白ちゃん 白ちゃん | 筒子1 筒子2 筒子3 索子1 索子2 索子3
802,West,-28873,110,0.500,27778,,0,416,0,0,筒子2 筒子8 索子9 白ちゃん | 萬子7 萬子7 萬子7 索子1 索子2 索子3 索子5 索子6 索子7
803,West,-8527,110,0.500,7110,,0,112,0,0,萬子2 筒子6 筒子6 筒子6 筒子7 索子5 索子5 索子8 索子9 西風 | 索子4 索子5 索子6
804,West,5470,110,0.500,-6446,,0,568,0,0,萬子1 南風 白ちゃん 發ちゃん | 筒子6 筒子6 筒子6 筒子7 筒子7 筒子7 索子7 索子7 索子7
805,West,-29427,110,0.500,28362,,0,440,0,0,萬子1 索子8 南風 西風 | 萬子1 萬子2 萬子3 索子3 索子4 索子5 索子9 索子9 索子9
806,South,-7261,109,0.500,6348,,0,616,0,0,筒子6 | 筒子1 筒子2 筒子3 筒子6 筒子7 筒子8 索子1 索子1 索子1 索子9 索子9 索子9
807,West,-10558,57,0.500,17768,西 中 混一色,0,196,0,8,筒子1 筒子1 中ちゃん 中ちゃん 中ちゃん | 筒子2 筒子3 筒子4 筒子5 筒子6 筒子7 西風 西風 西風
808,West,-13622,109,0.500,12484,,0,356,0,0,萬子2 萬子2 索子1 索子5 東風 西風 中ちゃん | 萬子2 萬子3 萬子4 索子7 索子7 索子7
809,West,-23911,109,0.500,22520,,0,104,0,0,萬子1 萬子3 筒子5 筒子9 索子9 北風 發ちゃん | 筒子1 筒子2 筒子3 索子6 索子7 索子8
810,West,-16339,110,0.500,15474,,0,648,0,0,筒子5 索子9 西風 西風 | 萬子5 萬子6 萬子7 索子1 索子1 索子1 東風 東風 東風
811,West,-23091,110,0.500,21590,,0,0,0,0,萬子4 萬子4 萬子7 萬子7 筒子9 索子2 索子7 東風 北風 白ちゃん | 索子6 索子7 索子8
812,South,-22957,110,0.500,21530,,0,60,0,0,萬子1 萬子1 筒子4 索子3 索子5 白ちゃん 發ちゃん 中ちゃん 中ちゃん 中ちゃん | 筒子5 筒子6 筒子7
813,West,11492,109,0.500,-12180,,0,800,0,0,萬子1 萬子5赤ドラ 萬子7 萬子8 萬子8 筒子3 索子1 | 萬子4 萬子4 萬子4 南風 南風 南風
814,South,-7499,109,0.500,10634,,0,752,0,13,南風 | 筒子3 筒子3 筒子3 索子1 索子2 索子3 西風 西風 西風 北風 北風 北風
815,North,-22632,109,0.500,21270,,0,128,0,0,筒子2 索子4 西風 白ちゃん 發ちゃん 發ちゃん 中ちゃん | 筒子1 筒子2 筒子3 筒子5赤ドラ 筒子6 筒子7
816,East,-25119,109,0.500,23946,,0,312,0,0,萬子4 萬子7 索子8 西風 西風 中ちゃん 中ちゃん | 萬子3 萬子4 萬子5赤ドラ 筒子9 筒子9 筒子9
817,South,-39552,109,0.500,38130,,0,64,0,0,萬子4 萬子7 筒子3 筒子7 索子9 北風 發ちゃん | 萬子5 萬子6 萬子7 索子6 索子7 索子8
818,North,-22668,110,0.500,21170,,0,0,0,0,萬子4 萬子6 萬子6 筒子3 筒子6 索子1 索子5 索子7 白ちゃん 白ちゃん | 索子4 索子5 索子6
819,South,8253,109,0.500,-8978,,0,768,0,0,萬子1 筒子3 索子1 索子4 北風 北風 北風 | 索子2 索子2 索子2 索子5 索子5 索子5赤ドラ
820,East,-12145,109,0.500,10884,,0,248,0,0,萬子4 萬子8 筒子3 筒子9 索子6 索子8 發ちゃん | 索子3 索子4 索子5 東風 東風 東風
821,West,-11826,110,0.500,10690,,0,380,0,0,萬子3 萬子7 筒子3 筒子8 索子3 索子7 索子7 北風 北風 北風 | 筒子5 筒子6 筒子7
822,South,-38360,110,0.500,37040,,0,196,0,0,萬子2 萬子5赤ドラ 索子9 發ちゃん | 萬子1 萬子1 萬子2 萬子2 萬子3 萬子3 索子7 索子8 索子9
823,South,-41578,109,0.500,40090,,0,0,0,0,萬子1 萬子4 筒子4 索子2 東風 東風 西風 | 萬子3 萬子4 萬子5 索子4 索子5 索子6
824,West,-28923,110,0.500,27450,,0,12,0,0,萬子1 萬子2 萬子8 筒子1 筒子3 筒子3 筒子3 北風 白ちゃん 中ちゃん | 萬子7 萬子8 萬子9
825,West,3301,109,0.500,-4312,,0,488,0,0,萬子1 萬子2 筒子7 筒子8 索子8 索子8 東風 | 萬子5 萬子5 萬子5 中ちゃん 中ちゃん 中ちゃん
826,West,-21186,109,0.500,19998,,0,300,0,0,萬子1 萬子4 萬子5 索子2 南風 北風 發ちゃん | 筒子7 筒子8 筒子9 索子9 索子9 索子9
827,West,26926,99,0.500,-17414,対々和,0,1112,0,22,索子8 索子8 索子9 索子9 索子9 | 筒子2 筒子2 筒子2 索子7 索子7 索子7 南風 南風 南風
828,East,-26616,110,0.500,25550,,0,440,0,0,萬子9 筒子6 筒子9 索子5 | 萬子1 萬子2 萬子3 萬子3 萬子4 萬子5 筒子3 筒子3 筒子3
829,West,-24034,110,0.500,22730,,0,188,0,0,萬子3 萬子8 筒子5 筒子5 索子1 東風 南風 南風 白ちゃん 發ちゃん | 筒子4 筒子5赤ドラ 筒子6
830,North,-18639,110,0.500,17254,,0,168,0,0,筒子3 筒子3 索子2 東風 | 萬子1 萬子1 萬子1 萬子6 萬子6 萬子6 索子4 索子5 索子6
831,East,-20023,109,0.500,18854,,0,328,0,0,萬子3 萬子6 筒子1 筒子5 筒子8 東風 發ちゃん | 筒子7 筒子8 筒子9 南風 南風 南風
832,West,-18766,110,0.500,17410,,0,148,0,0,萬子1 萬子2 萬子3 萬子3 萬子8 萬子8 南風 西風 白ちゃん 中ちゃん | 萬子3 萬子4 萬子5
833,North,-47467,109,0.500,45980,,0,0,0,0,萬子2 萬子7 筒子1 索子2 索子6 北風 白ちゃん | 萬子7 萬子8 萬子9 筒子2 筒子3 筒子4
834,North,-18433,110,0.500,17386,,0,472,0,0,索子4 東風 南風 發ちゃん | 萬子1 萬子2 萬子3 萬子9 萬子9 萬子9 索子8 索子8 索子8
835,West,-2377,110,0.500,1286,,0,400,0,0,萬子6 筒子2 筒子6 筒子6 筒子8 索子3 索子3 白ちゃん 發ちゃん 中ちゃん | 筒子9 筒子9 筒子9
836,East,-24236,109,0.500,22810,,0,76,0,0,萬子6 筒子1 筒子8 索子8 西風 西風 發ちゃん | 索子7 索子7 索子8 索子8 索子9 索子9
837,South,-19867,109,0.500,18632,,0,256,0,0,萬子3 萬子3 筒子7 索子9 東風 發ちゃん 發ちゃん | 索子1 索子1 索子1 索子7 索子8 索子9
838,North,2757,109,0.500,-3102,,0,1176,0,0,萬子4 | 萬子4 萬子5 萬子6 索子5 索子5 索子5赤ドラ 索子9 索子9 索子9 中ちゃん 中ちゃん 中ちゃん
839,East,-23715,110,0.500,22230,,0,12,0,0,萬子2 筒子1 筒子1 索子7 索子7 索子8 東風 西風 西風 發ちゃん | 索子6 索子7 索子8
840,South,-18068,110,0.500,16930,,0,400,0,0,萬子3 索子8 中ちゃん 中ちゃん | 萬子2 萬子2 萬子2 萬子4 萬子5 萬子6 北風 北風 北風
841,North,-3285,110,0.500,2096,,0,312,0,0,萬子2 萬子3 萬子4 索子1 索子1 索子5 索子6 南風 西風 白ちゃん | 索子8 索子8 索子8
842,West,-8457,110,0.500,7578,,0,660,0,0,萬子9 筒子2 南風 西風 | 萬子3 萬子3 萬子3 索子3 索子4 索子5 索子5 索子5赤ドラ 索子5
843,East,-5598,109,0.500,4504,,0,400,0,0,萬子5 筒子7 筒子8 索子1 索子4 索子8 白ちゃん | 萬子1 萬子2 萬子3 白ちゃん 白ちゃん 白ちゃん
844,East,7081,109,0.500,-7878,,0,704,0,0,萬子2 索子5 索子8 索子8 索子8 索子9 東風 | 索子6 索子6 索子6 北風 北風 北風
845,East,-10336,110,0.500,9558,,0,728,0,0,萬子1 筒子1 筒子5 北風 | 筒子7 筒子8 筒子9 索子6 索子6 索子6 發ちゃん 發ちゃん 發ちゃん
846,West,18940,110,0.500,-19258,,0,1200,0,0,筒子2 筒子3 索子6 發ちゃん | 萬子4 萬子4 萬子4 索子3 索子3 索子3 西風 西風 西風
847,East,-23093,110,0.500,21868,,0,296,0,0,索子5 索子6 索子7 南風 | 萬子4 萬子4 萬子4 索子2 索子3 索子3 索子4 索子4 索子5
848,South,5839,109,0.500,-6832,,0,512,0,0,萬子3 筒子5 索子1 索子2 索子2 索子3 索子6 | 索子9 索子9 索子9 發ちゃん 發ちゃん 發ちゃん
849,North,-13750,109,0.500,12682,,0,424,0,0,萬子1 萬子5赤ドラ 萬子9 索子2 發ちゃん 發ちゃん 中ちゃん | 索子2 索子3 索子4 西風 西風 西風
850,East,-24326,109,0.500,23010,,0,184,0,0,萬子4 萬子9 筒子1 筒子1 東風 西風 西風 | 索子1 索子2 索子3 索子6 索子7 索子8
851,West,-17061,109,0.500,15944,,0,368,0,0,萬子2 筒子8 索子3 索子3 索子6 南風 白ちゃん | 萬子3 萬子3 萬子3 索子7 索子8 索子9
852,East,-5799,110,0.500,4892,,0,616,0,0,萬子3 萬子5 萬子9 中ちゃん | 索子1 索子2 索子3 索子5 索子5 索子5赤ドラ 發ちゃん 發ちゃん 發ちゃん
853,South,-44502,109,0.500,43346,,0,352,0,0,東風 | 筒子4 筒子4 筒子4 筒子5赤ドラ 筒子6 筒子7 筒子7 筒子8 筒子9 索子2 索子3 索子4
854,East,-10153,110,0.500,8750,,0,112,0,0,萬子2 萬子4 萬子7 筒子4 索子3 索子9 索子9 東風 北風 發ちゃん | 筒子1 筒子2 筒子3
855,South,-5825,110,0.500,4828,,0,552,0,0,萬子1 筒子1 白ちゃん 發ちゃん | 筒子6 筒子7 筒子8 索子2 索子2 索子2 西風 西風 西風
856,East,-2871,109,0.500,1450,,0,64,0,0,萬子2 萬子2 萬子3 萬子3 索子7 索子7 索子8 索子8 索子9 索子9 東風 東風 西風 | 
857,North,5334,109,0.500,-6236,,0,592,0,0,萬子4 萬子8 筒子3 筒子5 筒子5赤ドラ 索子6 索子7 | 索子4 索子4 索子4 北風 北風 北風
858,North,-11841,109,0.500,10824,,0,472,0,0,萬子1 萬子1 萬子7 萬子7 南風 白ちゃん 發ちゃん | 萬子2 萬子3 萬子4 索子2 索子2 索子2
859,West,-21050,110,0.500,19690,,0,136,0,0,萬子3 萬子6 萬子7 萬子9 筒子6 筒子8 索子8 南風 南風 西風 | 筒子6 筒子7 筒子8
860,East,-41791,109,0.500,40420,,0,120,0,0,萬子5赤ドラ 萬子6 筒子9 索子2 索子5 西風 白ちゃん | 萬子1 萬子2 萬子3 筒子7 筒子8 筒子9
861,South,-43866,109,0.500,42440,,0,64,0,0,萬子1 索子8 索子8 東風 南風 西風 發ちゃん | 萬子1 萬子2 萬子3 筒子7 筒子8 筒子9
862,North,-20783,110,0.500,19270,,0,0,0,0,萬子3 萬子4 萬子6 萬子7 筒子5 索子1 索子3 索子7 南風 白ちゃん | 萬子7 萬子8 萬子9
863,East,-29493,109,0.500,28020,,0,16,0,0,萬子1 萬子2 筒子2 索子9 白ちゃん 白ちゃん 中ちゃん | 筒子5 筒子6 筒子7 索子6 索子7 索子8
864,South,32980,81,0.500,-16138,白 対々和,0,1640,0,40,萬子2 萬子2 筒子9 筒子9 筒子9 | 萬子6 萬子6 萬子6 索子2 索子2 索子2 白ちゃん 白ちゃん 白ちゃん
865,West,-34668,109,0.500,33304,,0,176,0,0,西風 | 萬子3 萬子4 萬子5 萬子7 萬子8 萬子9 索子4 索子5 索子6 發ちゃん 發ちゃん 發ちゃん
866,South,-14691,109,0.500,13430,,0,248,0,0,萬子1 萬子3 索子1 索子9 北風 北風 白ちゃん | 萬子5 萬子6 萬子7 筒子6 筒子7 筒子8
867,North,-8544,110,0.500,7240,,0,232,0,0,萬子4 萬子7 萬子7 筒子1 筒子4 筒子9 索子6 索子9 北風 中ちゃん | 筒子2 筒子3 筒子4
868,North,-20728,110,0.500,19220,,0,0,0,0,萬子7 索子3 索子4 索子6 索子8 索子8 索子9 東風 西風 西風 | 萬子3 萬子4 萬子5
869,North,-42905,110,0.500,41698,,0,296,0,0,筒子2 索子7 東風 北風 | 筒子5 筒子6 筒子7 索子5 索子6 索子7 索子9 索子9 索子9
870,South,-34580,110,0.500,33060,,0,16,0,0,萬子3 索子2 索子9 中ちゃん | 萬子2 萬子3 萬子4 萬子7 萬子8 萬子9 索子6 索子7 索子8
871,West,-17767,109,0.500,16520,,0,256,0,0,筒子2 筒子9 索子7 索子7 白ちゃん 發ちゃん 發ちゃん | 萬子1 萬子2 萬子3 萬子3 萬子4 萬子5
872,West,-11070,110,0.500,9640,,0,96,0,0,萬子1 萬子6 萬子7 南風 南風 西風 西風 北風 發ちゃん 中ちゃん | 萬子1 萬子2 萬子3
873,West,-17077,109,0.500,15980,,0,388,0,0,萬子1 萬子1 萬子4 筒子6 筒子9 發ちゃん 中ちゃん | 萬子1 萬子2 萬子3 白ちゃん 白ちゃん 白ちゃん
874,South,15686,109,0.500,-12542,,0,744,0,13,萬子2 萬子2 北風 北風 北風 中ちゃん 中ちゃん | 筒子2 筒子2 筒子2 筒子3 筒子3 筒子3
875,North,-17301,110,0.500,16134,,0,368,0,0,萬子5赤ドラ 筒子4 索子9 西風 | 萬子6 萬子7 萬子8 筒子1 筒子2 筒子3 東風 東風 東風
876,North,3522,109,0.500,-4552,,0,456,0,0,筒子2 索子1 索子2 索子8 西風 白ちゃん 白ちゃん | 萬子2 萬子2 萬子2 索子6 索子6 索子6
877,West,-190,110,0.500,-1014,,0,312,0,0,筒子2 筒子3 筒子7 索子3 索子4 索子5 東風 北風 發ちゃん 中ちゃん | 萬子3 萬子3 萬子3
878,East,-12112,110,0.500,10600,,0,8,0,0,萬子7 萬子7 萬子9 筒子2 筒子5 筒子6 筒子8 索子7 索子8 白ちゃん | 萬子3 萬子4 萬子5
879,West,-19263,109,0.500,18112,,0,344,0,0,萬子4 筒子2 筒子9 索子2 索子3 索子8 白ちゃん | 萬子2 萬子2 萬子2 筒子6 筒子7 筒子8
880,North,-9980,109,0.500,8750,,0,296,0,0,萬子2 萬子2 筒子6 筒子7 索子3 索子9 南風 | 筒子1 筒子2 筒子3 筒子5 筒子6 筒子7
881,South,-38918,109,0.500,52372,,0,264,0,49,發ちゃん | 萬子3 萬子4 萬子5 筒子1 筒子2 筒子3 索子5 索子6 索子7 北風 北風 北風
882,North,-14898,110,0.500,13440,,0,48,0,0,萬子1 萬子2 萬子4 萬子5 萬子8 筒子2 筒子4 筒子5 索子1 中ちゃん | 萬子1 萬子2 萬子3
883,East,7019,110,0.500,-8150,,0,384,0,0,萬子4 萬子8 萬子8 筒子6 索子1 索子9 南風 北風 發ちゃん 發ちゃん | 索子8 索子8 索子8
884,West,-37122,110,0.500,36016,,0,392,0,0,萬子4 筒子8 索子3 索子9 | 萬子3 萬子4 萬子5 筒子5 筒子6 筒子7 筒子9 筒子9 筒子9
885,South,-24863,110,0.500,23480,,0,104,0,0,萬子1 萬子1 萬子3 萬子3 筒子2 索子2 西風 北風 白ちゃん 中ちゃん | 筒子4 筒子5 筒子6
886,South,-28308,110,0.500,26830,,0,80,0,0,索子6 索子7 索子8 索子9 | 萬子1 萬子2 萬子3 索子1 索子2 索子2 索子3 索子3 索子4
887,East,-748,109,0.500,400,,0,1168,0,0,萬子7 | 萬子8 萬子8 萬子8 筒子7 筒子8 筒子9 索子3 索子3 索子3 索子6 索子6 索子6
888,North,-9867,109,0.500,8764,,0,396,0,0,萬子2 萬子3 萬子3 萬子3 萬子6 筒子9 索子7 | 索子3 索子4 索子5 索子9 索子9 索子9
889,South,-21469,110,0.500,19960,,0,0,0,0,萬子5赤ドラ 萬子6 筒子9 筒子9 索子7 索子8 西風 西風 北風 中ちゃん | 萬子1 萬子2 萬子3
890,West,-13544,110,0.500,12382,,0,384,0,0,索子1 索子9 北風 發ちゃん | 萬子2 萬子3 萬子4 萬子5 萬子5 萬子5 筒子5 筒子6 筒子7
891,West,-22827,109,0.500,21310,,0,0,0,0,萬子2 萬子8 筒子2 筒子2 索子8 索子9 中ちゃん | 萬子3 萬子4 萬子5赤ドラ 萬子6 萬子7 萬子8
892,West,-3685,109,0.500,2200,,0,0,0,0,萬子1 萬子2 萬子6 萬子8 萬子8 索子1 索子2 索子9 索子9 西風 西風 北風 白ちゃん | 
893,West,-24078,109,0.500,22728,,0,136,0,0,萬子2 萬子5 筒子2 索子5赤ドラ 南風 白ちゃん 發ちゃん | 萬子5 萬子6 萬子7 筒子8 筒子8 筒子8
894,West,-579,109,0.500,-750,,0,156,0,0,萬子2 萬子2 筒子2 筒子3 筒子7 筒子8 筒子8 筒子9 索子7 東風 東風 東風 西風 | 
895,East,3972,110,0.500,-4994,,0,464,0,0,萬子3 萬子6 筒子1 筒子2 索子3 索子5赤ドラ 索子5 索子8 白ちゃん 白ちゃん | 西風 西風 西風
896,East,5280,110,0.500,-6170,,0,656,0,0,筒子4 筒子5赤ドラ 索子7 北風 | 萬子2 萬子2 萬子2 筒子2 筒子2 筒子2 索子1 索子1 索子1
897,South,-9270,109,0.500,8144,,0,368,0,0,萬子1 萬子7 索子5 西風 西風 北風 發ちゃん | 萬子3 萬子3 萬子3 索子5 索子6 索子7
898,South,-48050,109,0.500,46560,,0,0,0,0,萬子2 萬子5 索子7 索子9 北風 白ちゃん 白ちゃん | 萬子4 萬子5 萬子6 索子1 索子2 索子3
899,West,4621,109,0.500,-5514,,0,592,0,0,萬子3 萬子7 筒子2 索子2 索子6 北風 發ちゃん | 萬子1 萬子1 萬子1 筒子8 筒子8 筒子8
900,South,15174,109,0.500,-15768,,0,896,0,0,萬子2 萬子2 萬子8 萬子8 南風 發ちゃん 發ちゃん | 萬子7 萬子7 萬子7 索子1 索子1 索子1
901,East,-9880,110,0.500,8350,,0,0,0,0,萬子2 萬子2 萬子4 萬子6 萬子7 索子8 索子9 東風 南風 南風 | 萬子5 萬子6 萬子7
902,North,-37838,109,0.500,36440,,0,88,0,0,萬子2 筒子9 索子9 東風 北風 白ちゃん 發ちゃん | 萬子1 萬子2 萬子3 索子4 索子5 索子6
903,East,-20147,110,0.500,19030,,0,412,0,0,筒子5 南風 西風 中ちゃん | 筒子3 筒子4 筒子4 筒子5 筒子5 筒子6 筒子8 筒子8 筒子8
904,East,5222,26,0.500,700,七対子 混一色,0,0,0,0,索子2 索子2 東風 東風 南風 南風 西風 西風 北風 北風 白ちゃん 白ちゃん 中ちゃん 中ちゃん | 
905,West,-6727,109,0.500,5636,,0,400,0,0,萬子3 萬子7 萬子8 萬子9 索子6 北風 發ちゃん | 索子1 索子2 索子3 中ちゃん 中ちゃん 中ちゃん
906,North,2363,109,0.500,-3590,,0,304,0,0,萬子1 萬子3 萬子7 萬子8 筒子1 索子4 西風 | 索子9 索子9 索子9 發ちゃん 發ちゃん 發ちゃん
907,East,4648,110,0.500,-5694,,0,440,0,0,萬子1 萬子1 萬子6 索子3 索子4 索子6 索子8 南風 南風 北風 | 索子5 索子5 索子5赤ドラ
908,East,-18535,109,0.500,17316,,0,272,0,0,萬子9 筒子8 索子6 索子9 南風 北風 北風 | 萬子1 萬子1 萬子1 筒子7 筒子8 筒子9
909,West,-10235,109,0.500,9172,,0,424,0,0,萬子1 萬子4 索子3 索子6 索子8 索子9 索子9 | 萬子3 萬子4 萬子5 索子7 索子7 索子7
910,West,3744,110,0.500,-4874,,0,376,0,0,萬子3 萬子3 萬子8 筒子9 筒子9 索子4 南風 西風 白ちゃん 中ちゃん | 索子5赤ドラ 索子5 索子5
911,East,-35019,109,0.500,33530,,0,16,0,0,萬子3 萬子4 索子3 索子6 索子9 西風 白ちゃん | 萬子5赤ドラ 萬子6 萬子7 索子1 索子2 索子3
912,South,5078,110,0.500,-6102,,0,484,0,0,萬子5 萬子6 筒子4 筒子9 索子2 索子6 東風 東風 東風 白ちゃん | 萬子1 萬子1 萬子1
913,West,-1649,110,0.500,372,,0,240,0,0,萬子7 筒子1 筒子2 筒子3 索子3 索子9 南風 北風 中ちゃん 中ちゃん | 萬子1 萬子1 萬子1
914,East,-35474,109,0.500,34050,,0,72,0,0,萬子2 萬子6 筒子7 索子3 索子6 索子6 北風 | 萬子2 萬子3 萬子4 萬子4 萬子5 萬子6
915,West,-25427,110,0.500,23930,,0,0,0,0,萬子1 索子4 索子4 索子5 東風 東風 南風 發ちゃん 中ちゃん 中ちゃん | 筒子1 筒子2 筒子3
916,South,-21718,110,0.500,20220,,0,0,0,0,萬子3 萬子5 萬子7 筒子1 筒子1 筒子3 筒子4 索子6 東風 北風 | 萬子7 萬子8 萬子9
917,West,-46241,110,0.500,44720,,0,8,0,0,萬子1 索子7 索子8 西風 | 萬子2 萬子3 萬子4 筒子7 筒子8 筒子9 索子1 索子2 索子3
918,South,-1263,109,0.500,198,,0,428,0,0,萬子3 筒子5赤ドラ 西風 西風 西風 中ちゃん 中ちゃん | 筒子1 筒子1 筒子1 索子5 索子6 索子7
919,West,8787,109,0.500,-9568,,0,704,0,0,筒子1 索子1 索子2 索子4 索子6 發ちゃん 發ちゃん | 筒子3 筒子3 筒子3 筒子4 筒子4 筒子4
920,North,-19386,110,0.500,17890,,0,0,0,0,萬子3 萬子6 萬子9 筒子3 索子5赤ドラ 索子8 東風 北風 發ちゃん 中ちゃん | 萬子7 萬子8 萬子9
921,West,-11328,109,0.500,10592,,0,768,0,0,萬子1 | 萬子5 萬子6 萬子7 索子7 索子7 索子7 東風 東風 東風 發ちゃん 發ちゃん 發ちゃん
922,West,10727,58,0.500,680,混一色,0,420,0,28,筒子1 筒子1 筒子5 筒子6 筒子7 北風 北風 北風 | 筒子2 筒子3 筒子4 南風 南風 南風
923,South,-16272,109,0.500,15152,,0,368,0,0,萬子8 筒子1 筒子4 筒子6 索子6 東風 中ちゃん | 索子1 索子2 索子3 索子4 索子4 索子4
924,South,-16658,109,0.500,15606,,0,436,0,0,萬子1 萬子1 萬子6 萬子7 索子6 索子6 南風 | 筒子4 筒子4 筒子4 索子5赤ドラ 索子6 索子7
925,East,-49069,110,0.500,47590,,0,48,0,0,萬子1 萬子1 東風 發ちゃん | 萬子2 萬子3 萬子4 筒子1 筒子2 筒子3 索子6 索子7 索子8
926,East,-21005,110,0.500,19640,,0,136,0,0,萬子7 筒子1 筒子5 筒子8 索子8 索子9 東風 南風 西風 北風 | 索子5 索子6 索子7
927,North,-21916,109,0.500,20606,,0,180,0,0,萬子1 萬子5 筒子1 筒子9 索子5赤ドラ 西風 西風 | 筒子1 筒子2 筒子3 筒子9 筒子9 筒子9
928,West,-46179,110,0.500,44640,,0,0,0,0,萬子1 筒子9 東風 西風 | 萬子2 萬子3 萬子4 筒子1 筒子2 筒子3 索子4 索子5 索子6
929,East,9475,109,0.500,-10240,,0,720,0,0,萬子3 萬子4 索子3 西風 西風 白ちゃん 發ちゃん | 萬子7 萬子7 萬子7 索子9 索子9 索子9
930,North,-18711,109,0.500,17668,,0,444,0,0,筒子3 筒子4 筒子9 東風 東風 東風 北風 | 索子1 索子2 索子3 索子7 索子7 索子7
931,North,-12438,110,0.500,11238,,0,348,0,0,萬子7 東風 東風 西風 | 萬子1 萬子1 萬子1 索子4 索子5 索子5 索子6 索子6 索子7
932,North,-26612,110,0.500,25220,,0,96,0,0,萬子1 萬子8 筒子5 筒子9 索子6 索子9 索子9 西風 發ちゃん 發ちゃん | 筒子1 筒子2 筒子3
933,East,-36840,109,0.500,35350,,0,0,0,0,筒子6 筒子9 索子8 西風 發ちゃん 發ちゃん 中ちゃん | 萬子3 萬子4 萬子5 筒子5 筒子6 筒子7
934,East,-42307,110,0.500,40860,,0,84,0,0,萬子1 萬子1 西風 西風 | 萬子1 萬子2 萬子3 萬子5 萬子6 萬子7 索子9 索子9 索子9
935,North,-20797,109,0.500,19326,,0,32,0,0,萬子3 筒子2 筒子6 索子4 索子6 索子8 北風 | 萬子3 萬子4 萬子5 萬子8 萬子8 萬子8
936,West,-18267,110,0.500,16770,,0,16,0,0,萬子1 萬子4 萬子6 萬子9 筒子3 筒子7 筒子9 索子8 東風 西風 | 萬子3 萬子4 萬子5
937,West,-10409,110,0.500,8990,,0,112,0,0,萬子1 萬子1 萬子5 萬子6 萬子9 索子2 索子5 索子9 索子9 北風 | 萬子5赤ドラ 萬子6 萬子7
938,West,-9656,110,0.500,8492,,0,384,0,0,萬子1 萬子7 索子7 北風 | 筒子4 筒子4 筒子4 索子2 索子3 索子4 東風 東風 東風
939,South,-4163,110,0.500,3028,,0,416,0,0,萬子7 筒子1 筒子2 西風 | 筒子3 筒子4 筒子5 發ちゃん 發ちゃん 發ちゃん 中ちゃん 中ちゃん 中ちゃん
940,East,-8435,110,0.500,6930,,0,32,0,0,萬子3 萬子3 萬子4 萬子8 筒子2 筒子8 索子4 索子8 發ちゃん 發ちゃん | 索子6 索子7 索子8
941,North,-21591,110,0.500,20140,,0,40,0,0,萬子2 萬子2 萬子3 筒子2 筒子3 索子5 西風 發ちゃん 發ちゃん 中ちゃん | 萬子5 萬子6 萬子7
942,South,-21085,109,0.500,20008,,0,408,0,0,萬子2 萬子5 筒子7 索子4 索子8 西風 北風 | 萬子4 萬子4 萬子4 筒子3 筒子4 筒子5
943,South,-23446,110,0.500,22206,,0,288,0,0,筒子8 南風 發ちゃん 中ちゃん | 萬子3 萬子4 萬子5 筒子2 筒子3 筒子4 北風 北風 北風
944,East,-58340,109,0.500,57044,,0,208,0,0,南風 | 萬子7 萬子8 萬子9 筒子5赤ドラ 筒子6 筒子7 索子4 索子5 索子6 西風 西風 西風
945,West,-33460,110,0.500,32038,,0,120,0,0,西風 白ちゃん 發ちゃん 中ちゃん | 筒子1 筒子1 筒子1 筒子4 筒子5 筒子6 索子2 索子3 索子4
946,West,3445,110,0.500,-4508,,0,424,0,0,萬子1 萬子9 筒子1 筒子1 筒子2 筒子9 北風 北風 中ちゃん 中ちゃん | 索子5 索子5 索子5赤ドラ
947,South,8316,110,0.500,-9214,,0,656,0,0,筒子1 筒子3 索子7 中ちゃん | 萬子3 萬子3 萬子3 萬子4 萬子4 萬子4 索子9 索子9 索子9
948,North,-20449,109,0.500,19360,,0,400,0,0,萬子4 萬子8 索子1 索子5 索子5赤ドラ 索子8 索子9 | 索子6 索子7 索子8 北風 北風 北風
949,South,-11310,109,0.500,10172,,0,364,0,0,萬子1 筒子3 白ちゃん 發ちゃん 中ちゃん 中ちゃん 中ちゃん | 筒子5 筒子6 筒子7 索子9 索子9 索子9
950,North,-13871,110,0.500,12502,,0,192,0,0,萬子1 萬子2 萬子7 索子8 | 萬子2 萬子3 萬子4 索子4 索子5 索子6 北風 北風 北風
951,North,-16757,109,0.500,15756,,0,488,0,0,萬子1 萬子3 萬子9 筒子8 索子1 索子8 索子9 | 筒子3 筒子4 筒子5 發ちゃん 發ちゃん 發ちゃん
952,North,-4755,109,0.500,3870,,0,600,0,0,筒子5 筒子9 索子1 索子2 索子3 索子4 發ちゃん | 索子4 索子5 索子6 南風 南風 南風
953,East,-3410,110,0.500,2524,,0,644,0,0,筒子5 索子1 索子7 北風 | 萬子4 萬子5 萬子6 筒子4 筒子4 筒子4 西風 西風 西風
954,West,-45464,109,0.500,44040,,0,64,0,0,筒子3 筒子4 筒子4 索子8 白ちゃん 發ちゃん 中ちゃん | 索子1 索子2 索子3 索子5 索子6 索子7
955,West,-37820,109,0.500,36380,,0,56,0,0,萬子1 萬子2 筒子2 索子5 索子9 發ちゃん 中ちゃん | 萬子2 萬子3 萬子4 索子1 索子2 索子3
956,East,-3629,109,0.500,2200,,0,56,0,0,萬子2 萬子3 萬子3 萬子5赤ドラ 筒子3 筒子9 索子5 索子8 南風 南風 發ちゃん 中ちゃん 中ちゃん | 
957,North,-22157,110,0.500,21000,,0,328,0,0,萬子1 萬子2 萬子4 萬子6 萬子7 萬子7 索子1 南風 南風 中ちゃん | 索子4 索子5 索子6
958,East,-8631,109,0.500,7626,,0,496,0,0,萬子5 萬子5 萬子7 萬子8 萬子8 筒子1 中ちゃん | 萬子4 萬子5 萬子6 筒子3 筒子3 筒子3
959,North,-22287,109,0.500,20918,,0,116,0,0,萬子3 萬子3 萬子5 南風 白ちゃん 中ちゃん 中ちゃん | 萬子1 萬子2 萬子3 萬子7 萬子7 萬子7
960,North,-23821,110,0.500,22500,,0,164,0,0,萬子1 萬子2 萬子2 萬子2 筒子2 筒子5赤ドラ 索子6 索子7 南風 北風 | 索子5 索子6 索子7
961,South,-22314,110,0.500,20900,,0,76,0,0,萬子1 萬子1 萬子1 萬子3 萬子5 索子3 索子4 發ちゃん 中ちゃん 中ちゃん | 萬子2 萬子3 萬子4
962,South,-26895,110,0.500,35664,,0,368,0,33,萬子1 萬子2 白ちゃん 白ちゃん | 筒子4 筒子5赤ドラ 筒子6 索子5 索子6 索子7 西風 西風 西風
963,East,-37175,110,0.500,35834,,0,184,0,0,萬子8 筒子6 筒子7 南風 | 萬子1 萬子2 萬子3 筒子1 筒子2 筒子3 筒子5 筒子5 筒子5
964,West,-3214,109,0.500,2146,,0,428,0,0,索子2 索子6 索子6 索子7 東風 東風 白ちゃん | 筒子3 筒子3 筒子3 索子5 索子6 索子7
965,North,-17829,110,0.500,16500,,0,176,0,0,萬子7 萬子8 筒子2 筒子5赤ドラ 筒子7 索子2 索子9 北風 發ちゃん 中ちゃん | 萬子3 萬子4 萬子5
966,East,-28660,109,0.500,27250,,0,80,0,0,萬子4 萬子7 筒子5 索子4 索子6 索子9 西風 | 萬子4 萬子5 萬子6 筒子4 筒子5赤ドラ 筒子6
967,South,-43415,109,0.500,41930,,0,0,0,0,萬子3 筒子3 筒子6 索子8 東風 南風 西風 | 萬子1 萬子2 萬子3 索子2 索子3 索子4
968,North,7820,70,0.500,2390,發 混一色,0,224,0,22,索子2 索子3 索子4 索子5 索子5 索子6 索子7 索子8 | 索子5 索子6 索子7 發ちゃん 發ちゃん 發ちゃん
969,West,4191,110,0.500,-5262,,0,452,0,0,萬子4 萬子8 筒子4 筒子6 索子1 索子8 北風 白ちゃん 白ちゃん 白ちゃん | 萬子2 萬子2 萬子2
970,South,-31801,110,0.500,30834,,0,536,0,0,萬子4 萬子6 筒子6 北風 | 萬子1 萬子2 萬子3 索子2 索子3 索子4 南風 南風 南風
971,West,10461,109,0.500,-11154,,0,800,0,0,萬子1 萬子3 萬子6 筒子7 索子3 索子3 索子3 | 萬子9 萬子9 萬子9 筒子4 筒子4 筒子4
972,North,-26353,110,0.500,24930,,0,64,0,0,萬子2 萬子6 萬子6 萬子8 筒子2 索子6 北風 北風 白ちゃん 中ちゃん | 筒子1 筒子2 筒子3
973,East,4971,110,0.500,-6048,,0,420,0,0,萬子1 萬子2 萬子9 萬子9 筒子5 索子3 北風 白ちゃん 白ちゃん 白ちゃん | 索子8 索子8 索子8
974,East,-45389,109,0.500,43950,,0,48,0,0,萬子5赤ドラ 筒子1 筒子3 筒子6 索子2 索子8 西風 | 萬子4 萬子5 萬子6 索子7 索子8 索子9
975,East,-22677,110,0.500,21180,,0,0,0,0,萬子6 萬子8 筒子1 筒子9 索子2 索子5 東風 東風 南風 西風 | 萬子1 萬子2 萬子3
976,East,9909,109,0.500,-10762,,0,648,0,0,萬子4 筒子1 筒子6 索子1 索子3 索子4 發ちゃん | 萬子9 萬子9 萬子9 白ちゃん 白ちゃん 白ちゃん
977,North,-16237,110,0.500,14790,,0,64,0,0,萬子1 萬子5赤ドラ 索子5 索子8 東風 南風 北風 白ちゃん 中ちゃん 中ちゃん | 索子5赤ドラ 索子6 索子7
978,North,-23565,110,0.500,22230,,0,208,0,0,筒子1 筒子4 筒子8 白ちゃん | 萬子1 萬子2 萬子3 萬子4 萬子4 萬子4 筒子1 筒子2 筒子3
979,East,-45350,109,0.500,43870,,0,8,0,0,萬子6 筒子3 索子4 東風 東風 南風 中ちゃん | 萬子4 萬子5 萬子6 筒子3 筒子4 筒子5
980,North,-15250,110,0.500,14136,,0,416,0,0,筒子9 索子6 索子9 東風 | 萬子3 萬子3 萬子3 筒子2 筒子2 筒子2 索子2 索子3 索子4
981,North,1593,110,0.500,-2844,,0,260,0,0,萬子1 萬子1 萬子6 筒子5 筒子7 南風 南風 南風 白ちゃん 中ちゃん | 筒子1 筒子1 筒子1
982,East,-20075,109,0.500,18890,,0,312,0,0,萬子2 萬子6 索子4 索子8 北風 中ちゃん 中ちゃん | 萬子2 萬子3 萬子4 筒子6 筒子7 筒子8
983,North,-30586,109,0.500,29110,,0,24,0,0,萬子8 筒子6 索子8 索子9 東風 南風 中ちゃん | 萬子4 萬子5 萬子6 索子7 索子8 索子9
984,West,-42482,109,0.500,41010,,0,16,0,0,萬子1 萬子1 索子7 北風 北風 發ちゃん 中ちゃん | 萬子3 萬子4 萬子5 索子4 索子5 索子6
985,West,-34497,109,0.500,33140,,0,136,0,0,筒子3 筒子5 索子3 索子3 索子9 東風 北風 | 索子4 索子5赤ドラ 索子5 索子6 索子6 索子7
986,North,-43343,109,0.500,41850,,0,0,0,0,筒子3 筒子8 索子7 索子8 南風 北風 白ちゃん | 筒子3 筒子4 筒子5 索子2 索子3 索子4
987,East,-3717,110,0.500,3010,,0,800,0,0,萬子5 索子8 南風 西風 | 筒子1 筒子1 筒子1 索子7 索子8 索子9 北風 北風 北風
988,East,16392,110,0.500,-16742,,0,1168,0,0,萬子7 筒子6 北風 發ちゃん | 萬子3 萬子3 萬子3 筒子2 筒子2 筒子2 西風 西風 西風
989,West,-46397,110,0.500,44950,,0,80,0,0,萬子8 筒子2 索子1 發ちゃん | 萬子4 萬子5 萬子6 筒子1 筒子2 筒子3 索子7 索子8 索子9
990,North,339,110,0.500,-1572,,0,280,0,0,筒子2 筒子5 筒子5 索子3 索子6 索子6 索子8 索子8 白ちゃん 中ちゃん | 東風 東風 東風
991,South,-17353,109,0.500,16056,,0,208,0,0,索子4 索子5 南風 南風 北風 白ちゃん 白ちゃん | 萬子1 萬子1 萬子1 筒子2 筒子3 筒子4
992,South,4311,109,0.500,-5400,,0,396,0,0,萬子1 萬子2 萬子3 萬子3 萬子3 筒子2 筒子3 筒子3 筒子5 索子7 索子9 北風 中ちゃん | 
993,South,-22052,110,0.500,20570,,0,16,0,0,萬子2 萬子5 筒子6 索子3 索子9 東風 東風 北風 北風 發ちゃん | 萬子7 萬子8 萬子9
994,West,-46858,110,0.500,45350,,0,8,0,0,筒子7 索子5 索子5赤ドラ 東風 | 萬子4 萬子5 萬子6 筒子1 筒子2 筒子2 筒子3 筒子3 筒子4
995,North,-23233,109,0.500,21878,,0,136,0,0,萬子7 筒子1 索子7 索子8 索子9 索子9 發ちゃん | 筒子7 筒子8 筒子9 中ちゃん 中ちゃん 中ちゃん
996,East,3729,110,0.500,-4698,,0,528,0,0,萬子2 萬子3 萬子4 萬子6 萬子8 萬子9 筒子5 索子4 索子6 白ちゃん | 筒子6 筒子6 筒子6
997,West,-29389,110,0.500,28092,,0,224,0,0,西風 北風 北風 中ちゃん | 萬子2 萬子3 萬子4 萬子4 萬子5赤ドラ 萬子6 索子8 索子8 索子8
998,North,1230,110,0.500,-2446,,0,288,0,0,萬子1 萬子6 萬子9 筒子9 索子1 索子8 東風 北風 白ちゃん 中ちゃん | 萬子3 萬子3 萬子3
999,North,-15959,109,0.500,14766,,0,308,0,0,萬子1 萬子6 萬子7 筒子7 索子5 東風 中ちゃん | 筒子4 筒子5赤ドラ 筒子6 索子9 索子9 索子9
